date,task_dir,episode,task,target_shape,inserted_shape,target_side,placement_side,target_center_x,target_center_y,insert_x,insert_y,scale,rotation_deg,brightness,blur_sigma,selection_mode,asset,original_input_video,output_video,metadata_json,debug_dir,seed,video_width,video_height,fps,frames,valid_placements,final_safe_area
0727,erase_circle,erase_the_circle_0726-162803,erase the circle,circle,rectangle,bottom,top,454.0,512.0,348,21,0.9165929470643841,2.2577907161287047,0.8908835779526721,0.019038850750215986,safe_fallback,assets/rectangle/093_erase_the_rectangle_0813-184309.png,C:\Users\user\Downloads\records_0727_0813\0727\erase_the_circle\erase_the_circle_0726-162803\videos\observation.images.top\chunk-000\file-000.mp4,0727/erase_circle/rectangle/erase_the_circle_0726-162803/augmented.mp4,0727/erase_circle/rectangle/erase_the_circle_0726-162803/placement_metadata.json,0727/erase_circle/rectangle/erase_the_circle_0726-162803/debug,395996161,1280,720,30.0,563,717,62621
0727,erase_circle,erase_the_circle_0726-163254,erase the circle,circle,rectangle,bottom,top,444.0,485.0,486,21,0.9423046761735929,1.8463513317257974,0.8942778806333173,0.7186744624705753,safe_fallback,assets/rectangle/012_erase_the_rectangle_0727-122053.png,C:\Users\user\Downloads\records_0727_0813\0727\erase_the_circle\erase_the_circle_0726-163254\videos\observation.images.top\chunk-000\file-000.mp4,0727/erase_circle/rectangle/erase_the_circle_0726-163254/augmented.mp4,0727/erase_circle/rectangle/erase_the_circle_0726-163254/placement_metadata.json,0727/erase_circle/rectangle/erase_the_circle_0726-163254/debug,1121283810,1280,720,30.0,857,960,55728
0727,erase_circle,erase_the_circle_0726-163611,erase the circle,circle,triangle,bottom,top,442.5,476.5,500,16,0.9331531901949407,9.479247968975692,1.0327930719774165,0.05945012541755075,safe_fallback,assets/triangle/026_erase_the_triangle_0802-140827.png,C:\Users\user\Downloads\records_0727_0813\0727\erase_the_circle\erase_the_circle_0726-163611\videos\observation.images.top\chunk-000\file-000.mp4,0727/erase_circle/triangle/erase_the_circle_0726-163611/augmented.mp4,0727/erase_circle/triangle/erase_the_circle_0726-163611/placement_metadata.json,0727/erase_circle/triangle/erase_the_circle_0726-163611/debug,2053629144,1280,720,30.0,772,233,61549
0727,erase_circle,erase_the_circle_0726-163930,erase the circle,circle,rectangle,bottom,top,445.5,499.5,344,21,0.8157115849280494,1.5188802052059724,0.9329854902248687,0.6406787396267939,safe_fallback,assets/rectangle/081_erase_the_rectangle_0812-140629.png,C:\Users\user\Downloads\records_0727_0813\0727\erase_the_circle\erase_the_circle_0726-163930\videos\observation.images.top\chunk-000\file-000.mp4,0727/erase_circle/rectangle/erase_the_circle_0726-163930/augmented.mp4,0727/erase_circle/rectangle/erase_the_circle_0726-163930/placement_metadata.json,0727/erase_circle/rectangle/erase_the_circle_0726-163930/debug,1149188549,1280,720,30.0,527,1024,74078
0727,erase_circle,erase_the_circle_0726-164049,erase the circle,circle,rectangle,bottom,top,604.0,506.0,306,9,0.8255807518329882,7.677464629964579,1.0127085816776928,0.37232685199351256,safe_fallback,assets/rectangle/079_erase_the_rectangle_0812-140333.png,C:\Users\user\Downloads\records_0727_0813\0727\erase_the_circle\erase_the_circle_0726-164049\videos\observation.images.top\chunk-000\file-000.mp4,0727/erase_circle/rectangle/erase_the_circle_0726-164049/augmented.mp4,0727/erase_circle/rectangle/erase_the_circle_0726-164049/placement_metadata.json,0727/erase_circle/rectangle/erase_the_circle_0726-164049/debug,1197435393,1280,720,30.0,594,71,68677
0727,erase_circle,erase_the_circle_0726-164200,erase the circle,circle,triangle,bottom,top,607.5,479.5,622,18,0.9429034502397164,-4.874603500722654,0.9723178889899311,0.667143942619069,safe_fallback,assets/triangle/042_erase_the_triangle_0802-143926.png,C:\Users\user\Downloads\records_0727_0813\0727\erase_the_circle\erase_the_circle_0726-164200\videos\observation.images.top\chunk-000\file-000.mp4,0727/erase_circle/triangle/erase_the_circle_0726-164200/augmented.mp4,0727/erase_circle/triangle/erase_the_circle_0726-164200/placement_metadata.json,0727/erase_circle/triangle/erase_the_circle_0726-164200/debug,1394726485,1280,720,30.0,687,58,56472
0727,erase_circle,erase_the_circle_0726-164325,erase the circle,circle,triangle,bottom,top,598.5,478.0,300,4,0.9939088992920173,-7.003830113183924,0.9978011457868717,0.43412110734895704,safe_fallback,assets/triangle/039_erase_the_triangle_0802-143602.png,C:\Users\user\Downloads\records_0727_0813\0727\erase_the_circle\erase_the_circle_0726-164325\videos\observation.images.top\chunk-000\file-000.mp4,0727/erase_circle/triangle/erase_the_circle_0726-164325/augmented.mp4,0727/erase_circle/triangle/erase_the_circle_0726-164325/placement_metadata.json,0727/erase_circle/triangle/erase_the_circle_0726-164325/debug,2003094288,1280,720,30.0,768,57,62761
0727,erase_circle,erase_the_circle_0726-164510,erase the circle,circle,rectangle,bottom,top,618.5,484.5,545,12,0.9544793960959399,-4.020120861662184,1.0947108768439515,0.19975895650537379,safe_fallback,assets/rectangle/013_erase_the_rectangle_0727-122347.png,C:\Users\user\Downloads\records_0727_0813\0727\erase_the_circle\erase_the_circle_0726-164510\videos\observation.images.top\chunk-000\file-000.mp4,0727/erase_circle/rectangle/erase_the_circle_0726-164510/augmented.mp4,0727/erase_circle/rectangle/erase_the_circle_0726-164510/placement_metadata.json,0727/erase_circle/rectangle/erase_the_circle_0726-164510/debug,1705508406,1280,720,30.0,793,358,63823
0727,erase_circle,erase_the_circle_0726-165719,erase the circle,circle,triangle,top,bottom,599.5,90.0,319,453,1.0,0.0,1.0,0.0,source_position,assets/triangle/001_erase_the_triangle_0727-113015.png,C:\Users\user\Downloads\records_0727_0813\0727\erase_the_circle\erase_the_circle_0726-165719\videos\observation.images.top\chunk-000\file-000.mp4,0727/erase_circle/triangle/erase_the_circle_0726-165719/augmented.mp4,0727/erase_circle/triangle/erase_the_circle_0726-165719/placement_metadata.json,0727/erase_circle/triangle/erase_the_circle_0726-165719/debug,1935919636,1280,720,30.0,733,37972,112345
0727,erase_circle,erase_the_circle_0726-165848,erase the circle,circle,rectangle,top,bottom,582.5,137.5,371,450,1.0,0.0,1.0,0.0,source_position,assets/rectangle/031_erase_the_rectangle_0804-181848.png,C:\Users\user\Downloads\records_0727_0813\0727\erase_the_circle\erase_the_circle_0726-165848\videos\observation.images.top\chunk-000\file-000.mp4,0727/erase_circle/rectangle/erase_the_circle_0726-165848/augmented.mp4,0727/erase_circle/rectangle/erase_the_circle_0726-165848/placement_metadata.json,0727/erase_circle/rectangle/erase_the_circle_0726-165848/debug,771536031,1280,720,30.0,654,33857,117959
0727,erase_circle,erase_the_circle_0726-170001,erase the circle,circle,triangle,top,bottom,580.5,143.0,291,482,1.0,0.0,1.0,0.0,source_position,assets/triangle/069_erase_the_triangle_0811-203528.png,C:\Users\user\Downloads\records_0727_0813\0727\erase_the_circle\erase_the_circle_0726-170001\videos\observation.images.top\chunk-000\file-000.mp4,0727/erase_circle/triangle/erase_the_circle_0726-170001/augmented.mp4,0727/erase_circle/triangle/erase_the_circle_0726-170001/placement_metadata.json,0727/erase_circle/triangle/erase_the_circle_0726-170001/debug,1657473387,1280,720,30.0,640,23510,115578
0727,erase_circle,erase_the_circle_0726-170124,erase the circle,circle,rectangle,top,bottom,585.0,136.0,352,440,0.9368828836306738,1.881987419052912,1.01490380514561,0.6003122977380404,safe_fallback,assets/rectangle/083_erase_the_rectangle_0813-122336.png,C:\Users\user\Downloads\records_0727_0813\0727\erase_the_circle\erase_the_circle_0726-170124\videos\observation.images.top\chunk-000\file-000.mp4,0727/erase_circle/rectangle/erase_the_circle_0726-170124/augmented.mp4,0727/erase_circle/rectangle/erase_the_circle_0726-170124/placement_metadata.json,0727/erase_circle/rectangle/erase_the_circle_0726-170124/debug,362580152,1280,720,30.0,587,24069,110683
0727,erase_circle,erase_the_circle_0727-110917,erase the circle,circle,triangle,top,bottom,419.0,86.0,302,457,1.0,0.0,1.0,0.0,source_position,assets/triangle/005_erase_the_triangle_0727-113600.png,C:\Users\user\Downloads\records_0727_0813\0727\erase_the_circle\erase_the_circle_0727-110917\videos\observation.images.top\chunk-000\file-000.mp4,0727/erase_circle/triangle/erase_the_circle_0727-110917/augmented.mp4,0727/erase_circle/triangle/erase_the_circle_0727-110917/placement_metadata.json,0727/erase_circle/triangle/erase_the_circle_0727-110917/debug,229684098,1280,720,30.0,722,26320,114689
0727,erase_circle,erase_the_circle_0727-111036,erase the circle,circle,triangle,top,bottom,417.5,91.5,305,446,1.0,0.0,1.0,0.0,source_position,assets/triangle/002_erase_the_triangle_0727-113147.png,C:\Users\user\Downloads\records_0727_0813\0727\erase_the_circle\erase_the_circle_0727-111036\videos\observation.images.top\chunk-000\file-000.mp4,0727/erase_circle/triangle/erase_the_circle_0727-111036/augmented.mp4,0727/erase_circle/triangle/erase_the_circle_0727-111036/placement_metadata.json,0727/erase_circle/triangle/erase_the_circle_0727-111036/debug,538892287,1280,720,30.0,728,30413,116258
0727,erase_circle,erase_the_circle_0727-111212,erase the circle,circle,rectangle,top,bottom,414.5,87.0,434,413,1.044156252826347,-7.32235355708622,1.0807063307058793,0.3993953075930834,safe_fallback,assets/rectangle/092_erase_the_rectangle_0813-184121.png,C:\Users\user\Downloads\records_0727_0813\0727\erase_the_circle\erase_the_circle_0727-111212\videos\observation.images.top\chunk-000\file-000.mp4,0727/erase_circle/rectangle/erase_the_circle_0727-111212/augmented.mp4,0727/erase_circle/rectangle/erase_the_circle_0727-111212/placement_metadata.json,0727/erase_circle/rectangle/erase_the_circle_0727-111212/debug,1938710881,1280,720,30.0,834,32801,116012
0727,erase_circle,erase_the_circle_0727-111340,erase the circle,circle,triangle,top,bottom,419.5,89.0,528,471,1.0,0.0,1.0,0.0,source_position,assets/triangle/066_erase_the_triangle_0811-202925.png,C:\Users\user\Downloads\records_0727_0813\0727\erase_the_circle\erase_the_circle_0727-111340\videos\observation.images.top\chunk-000\file-000.mp4,0727/erase_circle/triangle/erase_the_circle_0727-111340/augmented.mp4,0727/erase_circle/triangle/erase_the_circle_0727-111340/placement_metadata.json,0727/erase_circle/triangle/erase_the_circle_0727-111340/debug,1402391626,1280,720,30.0,867,21669,115962
0727,erase_circle,erase_the_circle_0727-111813,erase the circle,circle,triangle,bottom,top,386.0,521.0,305,34,0.8433506303453852,6.281451650416724,0.8536383500363192,0.6247653758464071,safe_fallback,assets/triangle/034_erase_the_triangle_0802-142550.png,C:\Users\user\Downloads\records_0727_0813\0727\erase_the_circle\erase_the_circle_0727-111813\videos\observation.images.top\chunk-000\file-000.mp4,0727/erase_circle/triangle/erase_the_circle_0727-111813/augmented.mp4,0727/erase_circle/triangle/erase_the_circle_0727-111813/placement_metadata.json,0727/erase_circle/triangle/erase_the_circle_0727-111813/debug,710376269,1280,720,30.0,893,109,33008
0727,erase_circle,erase_the_circle_0727-111943,erase the circle,circle,rectangle,bottom,top,560.0,488.0,288,18,0.9521145237809197,-4.268505592719829,0.8581876377088473,0.3767170421088706,safe_fallback,assets/rectangle/058_erase_the_rectangle_0811-201513.png,C:\Users\user\Downloads\records_0727_0813\0727\erase_the_circle\erase_the_circle_0727-111943\videos\observation.images.top\chunk-000\file-000.mp4,0727/erase_circle/rectangle/erase_the_circle_0727-111943/augmented.mp4,0727/erase_circle/rectangle/erase_the_circle_0727-111943/placement_metadata.json,0727/erase_circle/rectangle/erase_the_circle_0727-111943/debug,2052319043,1280,720,30.0,830,43,41080
0727,erase_circle,erase_the_circle_0727-112133,erase the circle,circle,triangle,top,bottom,577.5,86.5,523,499,1.0,0.0,1.0,0.0,source_position,assets/triangle/074_erase_the_triangle_0811-204219.png,C:\Users\user\Downloads\records_0727_0813\0727\erase_the_circle\erase_the_circle_0727-112133\videos\observation.images.top\chunk-000\file-000.mp4,0727/erase_circle/triangle/erase_the_circle_0727-112133/augmented.mp4,0727/erase_circle/triangle/erase_the_circle_0727-112133/placement_metadata.json,0727/erase_circle/triangle/erase_the_circle_0727-112133/debug,854634655,1280,720,30.0,852,22372,111086
0727,erase_circle,erase_the_circle_0727-112529,erase the circle,circle,rectangle,top,bottom,363.5,107.0,359,439,0.9271519355947803,-0.9429402356983108,1.0727329137057036,0.3588796067164694,safe_fallback,assets/rectangle/067_erase_the_rectangle_0812-134714.png,C:\Users\user\Downloads\records_0727_0813\0727\erase_the_circle\erase_the_circle_0727-112529\videos\observation.images.top\chunk-000\file-000.mp4,0727/erase_circle/rectangle/erase_the_circle_0727-112529/augmented.mp4,0727/erase_circle/rectangle/erase_the_circle_0727-112529/placement_metadata.json,0727/erase_circle/rectangle/erase_the_circle_0727-112529/debug,1933492395,1280,720,30.0,884,30322,106265
0727,erase_rectangle,erase_the_rectangle_0727-120251,erase the rectangle,rectangle,triangle,bottom,top,437.5,460.0,288,45,0.904867046615136,-3.92086259411935,1.0745965289762875,0.2494447755658488,safe_fallback,assets/triangle/024_erase_the_triangle_0802-140614.png,C:\Users\user\Downloads\records_0727_0813\0727\erase_the_rectangle\erase_the_rectangle_0727-120251\videos\observation.images.top\chunk-000\file-000.mp4,0727/erase_rectangle/triangle/erase_the_rectangle_0727-120251/augmented.mp4,0727/erase_rectangle/triangle/erase_the_rectangle_0727-120251/placement_metadata.json,0727/erase_rectangle/triangle/erase_the_rectangle_0727-120251/debug,1822642441,1280,720,30.0,706,394,55083
0727,erase_rectangle,erase_the_rectangle_0727-120407,erase the rectangle,rectangle,triangle,bottom,top,433.0,468.5,290,17,0.9324787094528505,-1.6987161659301115,1.0863308160347085,0.6866941771330235,safe_fallback,assets/triangle/032_erase_the_triangle_0802-142225.png,C:\Users\user\Downloads\records_0727_0813\0727\erase_the_rectangle\erase_the_rectangle_0727-120407\videos\observation.images.top\chunk-000\file-000.mp4,0727/erase_rectangle/triangle/erase_the_rectangle_0727-120407/augmented.mp4,0727/erase_rectangle/triangle/erase_the_rectangle_0727-120407/placement_metadata.json,0727/erase_rectangle/triangle/erase_the_rectangle_0727-120407/debug,1249848874,1280,720,30.0,708,6,45572
0727,erase_rectangle,erase_the_rectangle_0727-120609,erase the rectangle,rectangle,circle,bottom,top,434.5,469.0,288,14,0.9419271870224428,-7.446446450676072,1.0362830026570493,0.5281663210406559,safe_fallback,assets/circle/020_erase_the_circle_0727-112529.png,C:\Users\user\Downloads\records_0727_0813\0727\erase_the_rectangle\erase_the_rectangle_0727-120609\videos\observation.images.top\chunk-000\file-000.mp4,0727/erase_rectangle/circle/erase_the_rectangle_0727-120609/augmented.mp4,0727/erase_rectangle/circle/erase_the_rectangle_0727-120609/placement_metadata.json,0727/erase_rectangle/circle/erase_the_rectangle_0727-120609/debug,1718492917,1280,720,30.0,705,13,61548
0727,erase_rectangle,erase_the_rectangle_0727-120733,erase the rectangle,rectangle,triangle,bottom,top,438.0,469.0,303,11,0.9251569387053922,-4.169374257943481,0.9102519463354491,0.19921078867831446,safe_fallback,assets/triangle/045_erase_the_triangle_0802-144407.png,C:\Users\user\Downloads\records_0727_0813\0727\erase_the_rectangle\erase_the_rectangle_0727-120733\videos\observation.images.top\chunk-000\file-000.mp4,0727/erase_rectangle/triangle/erase_the_rectangle_0727-120733/augmented.mp4,0727/erase_rectangle/triangle/erase_the_rectangle_0727-120733/placement_metadata.json,0727/erase_rectangle/triangle/erase_the_rectangle_0727-120733/debug,9534982,1280,720,30.0,685,99,57939
0727,erase_rectangle,erase_the_rectangle_0727-121003,erase the rectangle,rectangle,triangle,bottom,top,433.0,467.0,288,18,0.9692197648977651,-4.561356192328003,1.0449623594152775,0.4597102983793091,safe_fallback,assets/triangle/064_erase_the_triangle_0811-202529.png,C:\Users\user\Downloads\records_0727_0813\0727\erase_the_rectangle\erase_the_rectangle_0727-121003\videos\observation.images.top\chunk-000\file-000.mp4,0727/erase_rectangle/triangle/erase_the_rectangle_0727-121003/augmented.mp4,0727/erase_rectangle/triangle/erase_the_rectangle_0727-121003/placement_metadata.json,0727/erase_rectangle/triangle/erase_the_rectangle_0727-121003/debug,577643630,1280,720,30.0,688,28,60333
0727,erase_rectangle,erase_the_rectangle_0727-121135,erase the rectangle,rectangle,triangle,bottom,top,581.5,459.5,303,9,0.9267953723273974,-7.060006822946699,1.0702030589363223,0.5089444424155006,safe_fallback,assets/triangle/022_erase_the_triangle_0802-140354.png,C:\Users\user\Downloads\records_0727_0813\0727\erase_the_rectangle\erase_the_rectangle_0727-121135\videos\observation.images.top\chunk-000\file-000.mp4,0727/erase_rectangle/triangle/erase_the_rectangle_0727-121135/augmented.mp4,0727/erase_rectangle/triangle/erase_the_rectangle_0727-121135/placement_metadata.json,0727/erase_rectangle/triangle/erase_the_rectangle_0727-121135/debug,991834940,1280,720,30.0,703,228,64908
0727,erase_rectangle,erase_the_rectangle_0727-121305,erase the rectangle,rectangle,circle,bottom,top,584.5,449.0,288,56,0.9972893334586547,1.941444575764578,0.9214023050285094,0.08246528733631929,safe_fallback,assets/circle/069_erase_the_circle_0811-210901.png,C:\Users\user\Downloads\records_0727_0813\0727\erase_the_rectangle\erase_the_rectangle_0727-121305\videos\observation.images.top\chunk-000\file-000.mp4,0727/erase_rectangle/circle/erase_the_rectangle_0727-121305/augmented.mp4,0727/erase_rectangle/circle/erase_the_rectangle_0727-121305/placement_metadata.json,0727/erase_rectangle/circle/erase_the_rectangle_0727-121305/debug,1662020624,1280,720,30.0,866,1282,65159
0727,erase_rectangle,erase_the_rectangle_0727-121435,erase the rectangle,rectangle,circle,bottom,top,586.5,450.0,288,41,1.0340146249692046,5.311624975618345,0.905514546064444,0.2863214261685747,safe_fallback,assets/circle/065_erase_the_circle_0811-210340.png,C:\Users\user\Downloads\records_0727_0813\0727\erase_the_rectangle\erase_the_rectangle_0727-121435\videos\observation.images.top\chunk-000\file-000.mp4,0727/erase_rectangle/circle/erase_the_rectangle_0727-121435/augmented.mp4,0727/erase_rectangle/circle/erase_the_rectangle_0727-121435/placement_metadata.json,0727/erase_rectangle/circle/erase_the_rectangle_0727-121435/debug,143230863,1280,720,30.0,763,223,60390
0727,erase_rectangle,erase_the_rectangle_0727-121601,erase the rectangle,rectangle,triangle,bottom,top,576.5,439.0,288,20,0.9497700900191145,-3.7831760644301156,0.9964625262011944,0.1353504893181616,safe_fallback,assets/triangle/023_erase_the_triangle_0802-140502.png,C:\Users\user\Downloads\records_0727_0813\0727\erase_the_rectangle\erase_the_rectangle_0727-121601\videos\observation.images.top\chunk-000\file-000.mp4,0727/erase_rectangle/triangle/erase_the_rectangle_0727-121601/augmented.mp4,0727/erase_rectangle/triangle/erase_the_rectangle_0727-121601/placement_metadata.json,0727/erase_rectangle/triangle/erase_the_rectangle_0727-121601/debug,683612716,1280,720,30.0,645,17,52097
0727,erase_rectangle,erase_the_rectangle_0727-121732,erase the rectangle,rectangle,triangle,bottom,top,582.0,431.5,291,15,0.9562074139362308,8.192626878584953,0.9334547361610394,0.13771592517225192,safe_fallback,assets/triangle/105_erase_the_triangle_0813-213932.png,C:\Users\user\Downloads\records_0727_0813\0727\erase_the_rectangle\erase_the_rectangle_0727-121732\videos\observation.images.top\chunk-000\file-000.mp4,0727/erase_rectangle/triangle/erase_the_rectangle_0727-121732/augmented.mp4,0727/erase_rectangle/triangle/erase_the_rectangle_0727-121732/placement_metadata.json,0727/erase_rectangle/triangle/erase_the_rectangle_0727-121732/debug,1807905564,1280,720,30.0,811,7,59226
0727,erase_rectangle,erase_the_rectangle_0727-121900,erase the rectangle,rectangle,circle,top,bottom,553.0,112.0,317,422,1.0,0.0,1.0,0.0,source_position,assets/circle/081_erase_the_circle_0812-131859.png,C:\Users\user\Downloads\records_0727_0813\0727\erase_the_rectangle\erase_the_rectangle_0727-121900\videos\observation.images.top\chunk-000\file-000.mp4,0727/erase_rectangle/circle/erase_the_rectangle_0727-121900/augmented.mp4,0727/erase_rectangle/circle/erase_the_rectangle_0727-121900/placement_metadata.json,0727/erase_rectangle/circle/erase_the_rectangle_0727-121900/debug,834266886,1280,720,30.0,805,30227,127108
0727,erase_rectangle,erase_the_rectangle_0727-122053,erase the rectangle,rectangle,circle,top,bottom,559.0,119.0,318,440,1.0,0.0,1.0,0.0,source_position,assets/circle/082_erase_the_circle_0812-132039.png,C:\Users\user\Downloads\records_0727_0813\0727\erase_the_rectangle\erase_the_rectangle_0727-122053\videos\observation.images.top\chunk-000\file-000.mp4,0727/erase_rectangle/circle/erase_the_rectangle_0727-122053/augmented.mp4,0727/erase_rectangle/circle/erase_the_rectangle_0727-122053/placement_metadata.json,0727/erase_rectangle/circle/erase_the_rectangle_0727-122053/debug,1730821755,1280,720,30.0,739,20558,117631
0727,erase_rectangle,erase_the_rectangle_0727-122347,erase the rectangle,rectangle,circle,top,bottom,552.0,118.5,367,413,1.0,0.0,1.0,0.0,source_position,assets/circle/002_erase_the_circle_0726-163254.png,C:\Users\user\Downloads\records_0727_0813\0727\erase_the_rectangle\erase_the_rectangle_0727-122347\videos\observation.images.top\chunk-000\file-000.mp4,0727/erase_rectangle/circle/erase_the_rectangle_0727-122347/augmented.mp4,0727/erase_rectangle/circle/erase_the_rectangle_0727-122347/placement_metadata.json,0727/erase_rectangle/circle/erase_the_rectangle_0727-122347/debug,530542597,1280,720,30.0,831,44220,127738
0727,erase_rectangle,erase_the_rectangle_0727-122516,erase the rectangle,rectangle,circle,top,bottom,549.0,114.5,329,440,1.0,0.0,1.0,0.0,source_position,assets/circle/083_erase_the_circle_0812-132142.png,C:\Users\user\Downloads\records_0727_0813\0727\erase_the_rectangle\erase_the_rectangle_0727-122516\videos\observation.images.top\chunk-000\file-000.mp4,0727/erase_rectangle/circle/erase_the_rectangle_0727-122516/augmented.mp4,0727/erase_rectangle/circle/erase_the_rectangle_0727-122516/placement_metadata.json,0727/erase_rectangle/circle/erase_the_rectangle_0727-122516/debug,123374873,1280,720,30.0,744,45563,128291
0727,erase_rectangle,erase_the_rectangle_0727-125938,erase the rectangle,rectangle,triangle,top,bottom,548.5,114.5,332,427,1.0,0.0,1.0,0.0,source_position,assets/triangle/100_erase_the_triangle_0813-121931.png,C:\Users\user\Downloads\records_0727_0813\0727\erase_the_rectangle\erase_the_rectangle_0727-125938\videos\observation.images.top\chunk-000\file-000.mp4,0727/erase_rectangle/triangle/erase_the_rectangle_0727-125938/augmented.mp4,0727/erase_rectangle/triangle/erase_the_rectangle_0727-125938/placement_metadata.json,0727/erase_rectangle/triangle/erase_the_rectangle_0727-125938/debug,213025361,1280,720,30.0,930,26974,118130
0727,erase_rectangle,erase_the_rectangle_0727-130104,erase the rectangle,rectangle,circle,top,bottom,402.0,117.0,357,394,1.0,0.0,1.0,0.0,source_position,assets/circle/003_erase_the_circle_0726-163611.png,C:\Users\user\Downloads\records_0727_0813\0727\erase_the_rectangle\erase_the_rectangle_0727-130104\videos\observation.images.top\chunk-000\file-000.mp4,0727/erase_rectangle/circle/erase_the_rectangle_0727-130104/augmented.mp4,0727/erase_rectangle/circle/erase_the_rectangle_0727-130104/placement_metadata.json,0727/erase_rectangle/circle/erase_the_rectangle_0727-130104/debug,246186209,1280,720,30.0,707,32188,124965
0727,erase_rectangle,erase_the_rectangle_0727-130220,erase the rectangle,rectangle,circle,top,bottom,399.5,117.5,442,411,1.0,0.0,1.0,0.0,source_position,assets/circle/043_erase_the_circle_0802-135558.png,C:\Users\user\Downloads\records_0727_0813\0727\erase_the_rectangle\erase_the_rectangle_0727-130220\videos\observation.images.top\chunk-000\file-000.mp4,0727/erase_rectangle/circle/erase_the_rectangle_0727-130220/augmented.mp4,0727/erase_rectangle/circle/erase_the_rectangle_0727-130220/placement_metadata.json,0727/erase_rectangle/circle/erase_the_rectangle_0727-130220/debug,793048060,1280,720,30.0,736,32836,127122
0727,erase_rectangle,erase_the_rectangle_0727-130339,erase the rectangle,rectangle,circle,top,bottom,417.5,108.0,343,447,1.0,0.0,1.0,0.0,source_position,assets/circle/060_erase_the_circle_0805-185025.png,C:\Users\user\Downloads\records_0727_0813\0727\erase_the_rectangle\erase_the_rectangle_0727-130339\videos\observation.images.top\chunk-000\file-000.mp4,0727/erase_rectangle/circle/erase_the_rectangle_0727-130339/augmented.mp4,0727/erase_rectangle/circle/erase_the_rectangle_0727-130339/placement_metadata.json,0727/erase_rectangle/circle/erase_the_rectangle_0727-130339/debug,407016460,1280,720,30.0,627,22538,122225
0727,erase_rectangle,erase_the_rectangle_0727-130455,erase the rectangle,rectangle,triangle,top,bottom,419.5,107.5,340,405,1.0,0.0,1.0,0.0,source_position,assets/triangle/082_erase_the_triangle_0812-141041.png,C:\Users\user\Downloads\records_0727_0813\0727\erase_the_rectangle\erase_the_rectangle_0727-130455\videos\observation.images.top\chunk-000\file-000.mp4,0727/erase_rectangle/triangle/erase_the_rectangle_0727-130455/augmented.mp4,0727/erase_rectangle/triangle/erase_the_rectangle_0727-130455/placement_metadata.json,0727/erase_rectangle/triangle/erase_the_rectangle_0727-130455/debug,1433025214,1280,720,30.0,568,35286,121706
0727,erase_rectangle,erase_the_rectangle_0727-130630,erase the rectangle,rectangle,triangle,top,bottom,410.0,98.5,349,393,1.0,0.0,1.0,0.0,source_position,assets/triangle/083_erase_the_triangle_0812-141140.png,C:\Users\user\Downloads\records_0727_0813\0727\erase_the_rectangle\erase_the_rectangle_0727-130630\videos\observation.images.top\chunk-000\file-000.mp4,0727/erase_rectangle/triangle/erase_the_rectangle_0727-130630/augmented.mp4,0727/erase_rectangle/triangle/erase_the_rectangle_0727-130630/placement_metadata.json,0727/erase_rectangle/triangle/erase_the_rectangle_0727-130630/debug,301493357,1280,720,30.0,655,36300,124538
0727,erase_triangle,erase_the_triangle_0727-113015,erase the triangle,triangle,rectangle,bottom,top,372.5,523.5,386,16,0.9850159142331543,-4.999121359332943,0.9556461588422748,0.022904035681406133,safe_fallback,assets/rectangle/091_erase_the_rectangle_0813-184018.png,C:\Users\user\Downloads\records_0727_0813\0727\erase_the_triangle\erase_the_triangle_0727-113015\videos\observation.images.top\chunk-000\file-000.mp4,0727/erase_triangle/rectangle/erase_the_triangle_0727-113015/augmented.mp4,0727/erase_triangle/rectangle/erase_the_triangle_0727-113015/placement_metadata.json,0727/erase_triangle/rectangle/erase_the_triangle_0727-113015/debug,421759828,1280,720,30.0,642,2,44331
0727,erase_triangle,erase_the_triangle_0727-113147,erase the triangle,triangle,rectangle,bottom,top,370.5,523.5,288,30,0.9029580194810025,-9.962675276493636,0.8542775313042532,0.5007352989468868,safe_fallback,assets/rectangle/048_erase_the_rectangle_0811-195957.png,C:\Users\user\Downloads\records_0727_0813\0727\erase_the_triangle\erase_the_triangle_0727-113147\videos\observation.images.top\chunk-000\file-000.mp4,0727/erase_triangle/rectangle/erase_the_triangle_0727-113147/augmented.mp4,0727/erase_triangle/rectangle/erase_the_triangle_0727-113147/placement_metadata.json,0727/erase_triangle/rectangle/erase_the_triangle_0727-113147/debug,636683241,1280,720,30.0,761,132,57336
0727,erase_triangle,erase_the_triangle_0727-113311,erase the triangle,triangle,circle,bottom,top,363.5,523.0,501,16,1.0,0.0,1.0,0.0,source_position,assets/circle/019_erase_the_circle_0727-112133.png,C:\Users\user\Downloads\records_0727_0813\0727\erase_the_triangle\erase_the_triangle_0727-113311\videos\observation.images.top\chunk-000\file-000.mp4,0727/erase_triangle/circle/erase_the_triangle_0727-113311/augmented.mp4,0727/erase_triangle/circle/erase_the_triangle_0727-113311/placement_metadata.json,0727/erase_triangle/circle/erase_the_triangle_0727-113311/debug,551047360,1280,720,30.0,760,3265,68103
0727,erase_triangle,erase_the_triangle_0727-113437,erase the triangle,triangle,circle,bottom,top,357.5,529.5,350,9,1.0142322976228073,6.75314216110683,0.8547430097213864,0.6208214782397703,safe_fallback,assets/circle/079_erase_the_circle_0812-131127.png,C:\Users\user\Downloads\records_0727_0813\0727\erase_the_triangle\erase_the_triangle_0727-113437\videos\observation.images.top\chunk-000\file-000.mp4,0727/erase_triangle/circle/erase_the_triangle_0727-113437/augmented.mp4,0727/erase_triangle/circle/erase_the_triangle_0727-113437/placement_metadata.json,0727/erase_triangle/circle/erase_the_triangle_0727-113437/debug,1132176410,1280,720,30.0,754,413,59575
0727,erase_triangle,erase_the_triangle_0727-113600,erase the triangle,triangle,circle,bottom,top,374.5,540.0,465,9,0.9665726637818138,-7.57621915620893,1.0684243133133435,0.031595090720387735,safe_fallback,assets/circle/078_erase_the_circle_0811-212601.png,C:\Users\user\Downloads\records_0727_0813\0727\erase_the_triangle\erase_the_triangle_0727-113600\videos\observation.images.top\chunk-000\file-000.mp4,0727/erase_triangle/circle/erase_the_triangle_0727-113600/augmented.mp4,0727/erase_triangle/circle/erase_the_triangle_0727-113600/placement_metadata.json,0727/erase_triangle/circle/erase_the_triangle_0727-113600/debug,499152087,1280,720,30.0,803,80,62714
0727,erase_triangle,erase_the_triangle_0727-113710,erase the triangle,triangle,circle,bottom,top,583.5,499.5,288,38,0.9459088154328767,0.44702704812337757,0.8838248291988937,0.4527345157806025,safe_fallback,assets/circle/071_erase_the_circle_0811-211403.png,C:\Users\user\Downloads\records_0727_0813\0727\erase_the_triangle\erase_the_triangle_0727-113710\videos\observation.images.top\chunk-000\file-000.mp4,0727/erase_triangle/circle/erase_the_triangle_0727-113710/augmented.mp4,0727/erase_triangle/circle/erase_the_triangle_0727-113710/placement_metadata.json,0727/erase_triangle/circle/erase_the_triangle_0727-113710/debug,1365648077,1280,720,30.0,769,1156,68484
0727,erase_triangle,erase_the_triangle_0727-113836,erase the triangle,triangle,rectangle,bottom,top,566.5,488.0,288,62,0.963566298380296,-4.848005374279762,1.0473381342483756,0.5948583346549644,safe_fallback,assets/rectangle/054_erase_the_rectangle_0811-200827.png,C:\Users\user\Downloads\records_0727_0813\0727\erase_the_triangle\erase_the_triangle_0727-113836\videos\observation.images.top\chunk-000\file-000.mp4,0727/erase_triangle/rectangle/erase_the_triangle_0727-113836/augmented.mp4,0727/erase_triangle/rectangle/erase_the_triangle_0727-113836/placement_metadata.json,0727/erase_triangle/rectangle/erase_the_triangle_0727-113836/debug,615467448,1280,720,30.0,761,751,69412
0727,erase_triangle,erase_the_triangle_0727-113957,erase the triangle,triangle,rectangle,bottom,top,585.0,521.5,288,37,0.9331235569439305,0.71822857035027,1.0369640696179117,0.5589170489935315,safe_fallback,assets/rectangle/033_erase_the_rectangle_0804-182109.png,C:\Users\user\Downloads\records_0727_0813\0727\erase_the_triangle\erase_the_triangle_0727-113957\videos\observation.images.top\chunk-000\file-000.mp4,0727/erase_triangle/rectangle/erase_the_triangle_0727-113957/augmented.mp4,0727/erase_triangle/rectangle/erase_the_triangle_0727-113957/placement_metadata.json,0727/erase_triangle/rectangle/erase_the_triangle_0727-113957/debug,1913778186,1280,720,30.0,770,288,74539
0727,erase_triangle,erase_the_triangle_0727-114215,erase the triangle,triangle,circle,bottom,top,601.0,478.0,288,24,1.0006822132913529,-3.728590390976489,0.891522720211594,0.2541114900532427,safe_fallback,assets/circle/075_erase_the_circle_0811-211952.png,C:\Users\user\Downloads\records_0727_0813\0727\erase_the_triangle\erase_the_triangle_0727-114215\videos\observation.images.top\chunk-000\file-000.mp4,0727/erase_triangle/circle/erase_the_triangle_0727-114215/augmented.mp4,0727/erase_triangle/circle/erase_the_triangle_0727-114215/placement_metadata.json,0727/erase_triangle/circle/erase_the_triangle_0727-114215/debug,1473832014,1280,720,30.0,770,228,62045
0727,erase_triangle,erase_the_triangle_0727-114335,erase the triangle,triangle,rectangle,bottom,top,585.0,487.5,359,40,0.808722894330055,2.6625909893220303,0.9243584889018254,0.16768475642449854,safe_fallback,assets/rectangle/032_erase_the_rectangle_0804-181955.png,C:\Users\user\Downloads\records_0727_0813\0727\erase_the_triangle\erase_the_triangle_0727-114335\videos\observation.images.top\chunk-000\file-000.mp4,0727/erase_triangle/rectangle/erase_the_triangle_0727-114335/augmented.mp4,0727/erase_triangle/rectangle/erase_the_triangle_0727-114335/placement_metadata.json,0727/erase_triangle/rectangle/erase_the_triangle_0727-114335/debug,1029174796,1280,720,30.0,785,9661,78349
0727,erase_triangle,erase_the_triangle_0727-114515,erase the triangle,triangle,rectangle,top,bottom,557.0,104.0,332,402,1.0,0.0,1.0,0.0,source_position,assets/rectangle/051_erase_the_rectangle_0811-200442.png,C:\Users\user\Downloads\records_0727_0813\0727\erase_the_triangle\erase_the_triangle_0727-114515\videos\observation.images.top\chunk-000\file-000.mp4,0727/erase_triangle/rectangle/erase_the_triangle_0727-114515/augmented.mp4,0727/erase_triangle/rectangle/erase_the_triangle_0727-114515/placement_metadata.json,0727/erase_triangle/rectangle/erase_the_triangle_0727-114515/debug,1649716519,1280,720,30.0,899,33902,118823
0727,erase_triangle,erase_the_triangle_0727-114643,erase the triangle,triangle,rectangle,top,bottom,561.5,89.0,383,414,0.9155581129640477,-8.541506479755274,0.9765893523679305,0.11622274061500466,safe_fallback,assets/rectangle/041_erase_the_rectangle_0804-183207.png,C:\Users\user\Downloads\records_0727_0813\0727\erase_the_triangle\erase_the_triangle_0727-114643\videos\observation.images.top\chunk-000\file-000.mp4,0727/erase_triangle/rectangle/erase_the_triangle_0727-114643/augmented.mp4,0727/erase_triangle/rectangle/erase_the_triangle_0727-114643/placement_metadata.json,0727/erase_triangle/rectangle/erase_the_triangle_0727-114643/debug,2081271095,1280,720,30.0,679,26234,115504
0727,erase_triangle,erase_the_triangle_0727-114759,erase the triangle,triangle,circle,top,bottom,566.5,85.0,370,477,1.0,0.0,1.0,0.0,source_position,assets/circle/032_erase_the_circle_0802-132954.png,C:\Users\user\Downloads\records_0727_0813\0727\erase_the_triangle\erase_the_triangle_0727-114759\videos\observation.images.top\chunk-000\file-000.mp4,0727/erase_triangle/circle/erase_the_triangle_0727-114759/augmented.mp4,0727/erase_triangle/circle/erase_the_triangle_0727-114759/placement_metadata.json,0727/erase_triangle/circle/erase_the_triangle_0727-114759/debug,1916938127,1280,720,30.0,794,30524,119074
0727,erase_triangle,erase_the_triangle_0727-115143,erase the triangle,triangle,circle,top,bottom,551.0,158.5,376,422,1.0,0.0,1.0,0.0,source_position,assets/circle/037_erase_the_circle_0802-134056.png,C:\Users\user\Downloads\records_0727_0813\0727\erase_the_triangle\erase_the_triangle_0727-115143\videos\observation.images.top\chunk-000\file-000.mp4,0727/erase_triangle/circle/erase_the_triangle_0727-115143/augmented.mp4,0727/erase_triangle/circle/erase_the_triangle_0727-115143/placement_metadata.json,0727/erase_triangle/circle/erase_the_triangle_0727-115143/debug,1014074658,1280,720,30.0,755,29591,115397
0727,erase_triangle,erase_the_triangle_0727-115349,erase the triangle,triangle,circle,top,bottom,542.0,161.0,328,421,1.0,0.0,1.0,0.0,source_position,assets/circle/080_erase_the_circle_0812-131648.png,C:\Users\user\Downloads\records_0727_0813\0727\erase_the_triangle\erase_the_triangle_0727-115349\videos\observation.images.top\chunk-000\file-000.mp4,0727/erase_triangle/circle/erase_the_triangle_0727-115349/augmented.mp4,0727/erase_triangle/circle/erase_the_triangle_0727-115349/placement_metadata.json,0727/erase_triangle/circle/erase_the_triangle_0727-115349/debug,501550624,1280,720,30.0,736,36326,116752
0727,erase_triangle,erase_the_triangle_0727-115509,erase the triangle,triangle,circle,top,bottom,396.0,156.5,376,438,1.0,0.0,1.0,0.0,source_position,assets/circle/001_erase_the_circle_0726-162803.png,C:\Users\user\Downloads\records_0727_0813\0727\erase_the_triangle\erase_the_triangle_0727-115509\videos\observation.images.top\chunk-000\file-000.mp4,0727/erase_triangle/circle/erase_the_triangle_0727-115509/augmented.mp4,0727/erase_triangle/circle/erase_the_triangle_0727-115509/placement_metadata.json,0727/erase_triangle/circle/erase_the_triangle_0727-115509/debug,713956553,1280,720,30.0,589,38340,121828
0727,erase_triangle,erase_the_triangle_0727-115632,erase the triangle,triangle,circle,top,bottom,423.5,129.0,477,485,1.0,0.0,1.0,0.0,source_position,assets/circle/077_erase_the_circle_0811-212311.png,C:\Users\user\Downloads\records_0727_0813\0727\erase_the_triangle\erase_the_triangle_0727-115632\videos\observation.images.top\chunk-000\file-000.mp4,0727/erase_triangle/circle/erase_the_triangle_0727-115632/augmented.mp4,0727/erase_triangle/circle/erase_the_triangle_0727-115632/placement_metadata.json,0727/erase_triangle/circle/erase_the_triangle_0727-115632/debug,777690286,1280,720,30.0,695,27136,117478
0727,erase_triangle,erase_the_triangle_0727-115747,erase the triangle,triangle,rectangle,top,bottom,401.5,117.0,353,407,1.0,0.0,1.0,0.0,source_position,assets/rectangle/065_erase_the_rectangle_0812-134509.png,C:\Users\user\Downloads\records_0727_0813\0727\erase_the_triangle\erase_the_triangle_0727-115747\videos\observation.images.top\chunk-000\file-000.mp4,0727/erase_triangle/rectangle/erase_the_triangle_0727-115747/augmented.mp4,0727/erase_triangle/rectangle/erase_the_triangle_0727-115747/placement_metadata.json,0727/erase_triangle/rectangle/erase_the_triangle_0727-115747/debug,1828230945,1280,720,30.0,632,34778,119994
0727,erase_triangle,erase_the_triangle_0727-115901,erase the triangle,triangle,rectangle,top,bottom,406.5,129.5,301,406,1.0,0.0,1.0,0.0,source_position,assets/rectangle/055_erase_the_rectangle_0811-200954.png,C:\Users\user\Downloads\records_0727_0813\0727\erase_the_triangle\erase_the_triangle_0727-115901\videos\observation.images.top\chunk-000\file-000.mp4,0727/erase_triangle/rectangle/erase_the_triangle_0727-115901/augmented.mp4,0727/erase_triangle/rectangle/erase_the_triangle_0727-115901/placement_metadata.json,0727/erase_triangle/rectangle/erase_the_triangle_0727-115901/debug,1257938950,1280,720,30.0,721,37311,113787
0727,erase_triangle,erase_the_triangle_0727-120025,erase the triangle,triangle,rectangle,top,bottom,420.0,136.0,361,396,1.0746410365568146,-9.730109627688464,1.068543011661741,0.5474008103745428,safe_fallback,assets/rectangle/088_erase_the_rectangle_0813-182823.png,C:\Users\user\Downloads\records_0727_0813\0727\erase_the_triangle\erase_the_triangle_0727-120025\videos\observation.images.top\chunk-000\file-000.mp4,0727/erase_triangle/rectangle/erase_the_triangle_0727-120025/augmented.mp4,0727/erase_triangle/rectangle/erase_the_triangle_0727-120025/placement_metadata.json,0727/erase_triangle/rectangle/erase_the_triangle_0727-120025/debug,116523129,1280,720,30.0,684,34571,124790
0802,erase_circle,erase_the_circle_0802-130542,erase the circle,circle,triangle,bottom,top,436.5,462.0,339,9,0.8085090582600228,-2.33066112317192,0.930575003879822,0.3649322701709487,safe_fallback,assets/triangle/099_erase_the_triangle_0812-143136.png,C:\Users\user\Downloads\records_0727_0813\0802\erase_the_circle_0802-130542\videos\observation.images.top\chunk-000\file-000.mp4,0802/erase_circle/triangle/erase_the_circle_0802-130542/augmented.mp4,0802/erase_circle/triangle/erase_the_circle_0802-130542/placement_metadata.json,0802/erase_circle/triangle/erase_the_circle_0802-130542/debug,362580152,1280,720,30.0,758,132,58206
0802,erase_circle,erase_the_circle_0802-130825,erase the circle,circle,rectangle,top,bottom,430.0,149.0,342,409,0.9499158736852247,-4.7761434320747735,0.9647782004314625,0.2685978128518852,safe_fallback,assets/rectangle/003_erase_the_rectangle_0727-120609.png,C:\Users\user\Downloads\records_0727_0813\0802\erase_the_circle_0802-130825\videos\observation.images.top\chunk-000\file-000.mp4,0802/erase_circle/rectangle/erase_the_circle_0802-130825/augmented.mp4,0802/erase_circle/rectangle/erase_the_circle_0802-130825/placement_metadata.json,0802/erase_circle/rectangle/erase_the_circle_0802-130825/debug,980682551,1280,720,30.0,770,21928,115058
0802,erase_circle,erase_the_circle_0802-130939,erase the circle,circle,rectangle,bottom,top,538.0,443.5,306,17,0.9410861302758201,3.3541748056459504,0.9516523325826267,0.32505412958826296,safe_fallback,assets/rectangle/053_erase_the_rectangle_0811-200713.png,C:\Users\user\Downloads\records_0727_0813\0802\erase_the_circle_0802-130939\videos\observation.images.top\chunk-000\file-000.mp4,0802/erase_circle/rectangle/erase_the_circle_0802-130939/augmented.mp4,0802/erase_circle/rectangle/erase_the_circle_0802-130939/placement_metadata.json,0802/erase_circle/rectangle/erase_the_circle_0802-130939/debug,2047107438,1280,720,30.0,734,151,59279
0802,erase_circle,erase_the_circle_0802-131058,erase the circle,circle,rectangle,top,bottom,514.0,162.0,367,401,0.9121198026303418,-9.662911777699128,1.0698946045226863,0.16960586817003298,safe_fallback,assets/rectangle/099_erase_the_rectangle_0813-185409.png,C:\Users\user\Downloads\records_0727_0813\0802\erase_the_circle_0802-131058\videos\observation.images.top\chunk-000\file-000.mp4,0802/erase_circle/rectangle/erase_the_circle_0802-131058/augmented.mp4,0802/erase_circle/rectangle/erase_the_circle_0802-131058/placement_metadata.json,0802/erase_circle/rectangle/erase_the_circle_0802-131058/debug,581166071,1280,720,30.0,713,32226,113355
0802,erase_circle,erase_the_circle_0802-131216,erase the circle,circle,triangle,bottom,top,310.5,444.5,321,24,0.8471394493027501,6.549381690096851,1.0097167541491328,0.0018713342273319888,safe_fallback,assets/triangle/019_erase_the_triangle_0727-115901.png,C:\Users\user\Downloads\records_0727_0813\0802\erase_the_circle_0802-131216\videos\observation.images.top\chunk-000\file-000.mp4,0802/erase_circle/triangle/erase_the_circle_0802-131216/augmented.mp4,0802/erase_circle/triangle/erase_the_circle_0802-131216/placement_metadata.json,0802/erase_circle/triangle/erase_the_circle_0802-131216/debug,701179885,1280,720,30.0,680,817,56027
0802,erase_circle,erase_the_circle_0802-131420,erase the circle,circle,triangle,top,bottom,330.5,178.0,367,406,0.9720164065649531,-5.164587041188067,0.9688357013554882,0.1895957983578077,safe_fallback,assets/triangle/052_erase_the_triangle_0805-181611.png,C:\Users\user\Downloads\records_0727_0813\0802\erase_the_circle_0802-131420\videos\observation.images.top\chunk-000\file-000.mp4,0802/erase_circle/triangle/erase_the_circle_0802-131420/augmented.mp4,0802/erase_circle/triangle/erase_the_circle_0802-131420/placement_metadata.json,0802/erase_circle/triangle/erase_the_circle_0802-131420/debug,1121283810,1280,720,30.0,655,24099,114193
0802,erase_circle,erase_the_circle_0802-132022,erase the circle,circle,rectangle,bottom,top,449.5,509.5,312,11,0.8761359165310476,2.1757649240949792,0.9331531828251379,0.2850649070980965,safe_fallback,assets/rectangle/020_erase_the_rectangle_0727-130630.png,C:\Users\user\Downloads\records_0727_0813\0802\erase_the_circle_0802-132022\videos\observation.images.top\chunk-000\file-000.mp4,0802/erase_circle/rectangle/erase_the_circle_0802-132022/augmented.mp4,0802/erase_circle/rectangle/erase_the_circle_0802-132022/placement_metadata.json,0802/erase_circle/rectangle/erase_the_circle_0802-132022/debug,1386299575,1280,720,30.0,694,96,63350
0802,erase_circle,erase_the_circle_0802-132211,erase the circle,circle,rectangle,top,bottom,439.5,135.5,325,411,1.0176032926037992,6.662166732192468,0.869563446009386,2.994755421505957e-05,safe_fallback,assets/rectangle/005_erase_the_rectangle_0727-121003.png,C:\Users\user\Downloads\records_0727_0813\0802\erase_the_circle_0802-132211\videos\observation.images.top\chunk-000\file-000.mp4,0802/erase_circle/rectangle/erase_the_circle_0802-132211/augmented.mp4,0802/erase_circle/rectangle/erase_the_circle_0802-132211/placement_metadata.json,0802/erase_circle/rectangle/erase_the_circle_0802-132211/debug,213227475,1280,720,30.0,777,15862,115658
0802,erase_circle,erase_the_circle_0802-132330,erase the circle,circle,rectangle,bottom,top,528.5,501.0,343,8,0.8112411465543702,6.689004761873155,0.9812566324270632,0.7735970728379523,safe_fallback,assets/rectangle/078_erase_the_rectangle_0812-140235.png,C:\Users\user\Downloads\records_0727_0813\0802\erase_the_circle_0802-132330\videos\observation.images.top\chunk-000\file-000.mp4,0802/erase_circle/rectangle/erase_the_circle_0802-132330/augmented.mp4,0802/erase_circle/rectangle/erase_the_circle_0802-132330/placement_metadata.json,0802/erase_circle/rectangle/erase_the_circle_0802-132330/debug,1739238478,1280,720,30.0,796,417,60124
0802,erase_circle,erase_the_circle_0802-132443,erase the circle,circle,triangle,top,bottom,524.0,149.0,348,415,0.9355882752664245,6.040185295327017,1.0708068167610647,0.6626271441174699,safe_fallback,assets/triangle/044_erase_the_triangle_0802-144300.png,C:\Users\user\Downloads\records_0727_0813\0802\erase_the_circle_0802-132443\videos\observation.images.top\chunk-000\file-000.mp4,0802/erase_circle/triangle/erase_the_circle_0802-132443/augmented.mp4,0802/erase_circle/triangle/erase_the_circle_0802-132443/placement_metadata.json,0802/erase_circle/triangle/erase_the_circle_0802-132443/debug,1933492395,1280,720,30.0,733,30231,113283
0802,erase_circle,erase_the_circle_0802-132838,erase the circle,circle,rectangle,top,bottom,326.5,86.0,321,390,1.0949729226999982,9.980047456807764,1.0865595812969109,0.2740591721543235,safe_fallback,assets/rectangle/001_erase_the_rectangle_0727-120251.png,C:\Users\user\Downloads\records_0727_0813\0802\erase_the_circle_0802-132838\videos\observation.images.top\chunk-000\file-000.mp4,0802/erase_circle/rectangle/erase_the_circle_0802-132838/augmented.mp4,0802/erase_circle/rectangle/erase_the_circle_0802-132838/placement_metadata.json,0802/erase_circle/rectangle/erase_the_circle_0802-132838/debug,254435018,1280,720,30.0,787,9988,112625
0802,erase_circle,erase_the_circle_0802-132954,erase the circle,circle,rectangle,bottom,top,458.0,556.0,324,14,0.906049431422394,8.914524054611213,1.0369704707141962,0.26260618027816857,safe_fallback,assets/rectangle/018_erase_the_rectangle_0727-130339.png,C:\Users\user\Downloads\records_0727_0813\0802\erase_the_circle_0802-132954\videos\observation.images.top\chunk-000\file-000.mp4,0802/erase_circle/rectangle/erase_the_circle_0802-132954/augmented.mp4,0802/erase_circle/rectangle/erase_the_circle_0802-132954/placement_metadata.json,0802/erase_circle/rectangle/erase_the_circle_0802-132954/debug,2034918983,1280,720,30.0,815,302,67278
0802,erase_circle,erase_the_circle_0802-133231,erase the circle,circle,triangle,top,bottom,420.0,92.0,341,406,0.9843956443947057,-0.8267942281345153,0.9886215713920892,0.36328803577287005,safe_fallback,assets/triangle/063_erase_the_triangle_0805-183131.png,C:\Users\user\Downloads\records_0727_0813\0802\erase_the_circle_0802-133231\videos\observation.images.top\chunk-000\file-000.mp4,0802/erase_circle/triangle/erase_the_circle_0802-133231/augmented.mp4,0802/erase_circle/triangle/erase_the_circle_0802-133231/placement_metadata.json,0802/erase_circle/triangle/erase_the_circle_0802-133231/debug,1067007977,1280,720,30.0,855,19726,115260
0802,erase_circle,erase_the_circle_0802-133354,erase the circle,circle,triangle,bottom,top,535.5,493.0,292,8,0.8069710054188813,-3.397529905598603,0.9239773626421706,0.698570411785916,safe_fallback,assets/triangle/093_erase_the_triangle_0812-142543.png,C:\Users\user\Downloads\records_0727_0813\0802\erase_the_circle_0802-133354\videos\observation.images.top\chunk-000\file-000.mp4,0802/erase_circle/triangle/erase_the_circle_0802-133354/augmented.mp4,0802/erase_circle/triangle/erase_the_circle_0802-133354/placement_metadata.json,0802/erase_circle/triangle/erase_the_circle_0802-133354/debug,1705508406,1280,720,30.0,739,9,54511
0802,erase_circle,erase_the_circle_0802-133505,erase the circle,circle,triangle,top,bottom,509.0,96.0,438,442,0.9682049003654031,-3.67463420404553,1.087138334258834,0.47937646312777277,safe_fallback,assets/triangle/054_erase_the_triangle_0805-181826.png,C:\Users\user\Downloads\records_0727_0813\0802\erase_the_circle_0802-133505\videos\observation.images.top\chunk-000\file-000.mp4,0802/erase_circle/triangle/erase_the_circle_0802-133505/augmented.mp4,0802/erase_circle/triangle/erase_the_circle_0802-133505/placement_metadata.json,0802/erase_circle/triangle/erase_the_circle_0802-133505/debug,954788132,1280,720,30.0,852,22395,102547
0802,erase_circle,erase_the_circle_0802-133624,erase the circle,circle,rectangle,bottom,top,323.0,503.0,478,16,0.9525601190796885,-1.6852608557949615,1.0861962332808963,0.38732039727769296,safe_fallback,assets/rectangle/013_erase_the_rectangle_0727-122347.png,C:\Users\user\Downloads\records_0727_0813\0802\erase_the_circle_0802-133624\videos\observation.images.top\chunk-000\file-000.mp4,0802/erase_circle/rectangle/erase_the_circle_0802-133624/augmented.mp4,0802/erase_circle/rectangle/erase_the_circle_0802-133624/placement_metadata.json,0802/erase_circle/rectangle/erase_the_circle_0802-133624/debug,2109302680,1280,720,30.0,721,15,56780
0802,erase_circle,erase_the_circle_0802-134056,erase the circle,circle,triangle,bottom,top,458.5,503.5,288,14,0.7303686562743845,-4.87023376956649,0.8748519247316299,0.33441436481741316,safe_fallback,assets/triangle/072_erase_the_triangle_0811-203934.png,C:\Users\user\Downloads\records_0727_0813\0802\erase_the_circle_0802-134056\videos\observation.images.top\chunk-000\file-000.mp4,0802/erase_circle/triangle/erase_the_circle_0802-134056/augmented.mp4,0802/erase_circle/triangle/erase_the_circle_0802-134056/placement_metadata.json,0802/erase_circle/triangle/erase_the_circle_0802-134056/debug,1847486902,1280,720,30.0,729,151,61273
0802,erase_circle,erase_the_circle_0802-134312,erase the circle,circle,rectangle,bottom,top,562.5,500.0,501,16,0.82014143855674,-3.9827788424574404,1.0348900490103832,0.4094793138713301,safe_fallback,assets/rectangle/014_erase_the_rectangle_0727-122516.png,C:\Users\user\Downloads\records_0727_0813\0802\erase_the_circle_0802-134312\videos\observation.images.top\chunk-000\file-000.mp4,0802/erase_circle/rectangle/erase_the_circle_0802-134312/augmented.mp4,0802/erase_circle/rectangle/erase_the_circle_0802-134312/placement_metadata.json,0802/erase_circle/rectangle/erase_the_circle_0802-134312/debug,683612716,1280,720,30.0,730,1686,60485
0802,erase_circle,erase_the_circle_0802-134917,erase the circle,circle,triangle,top,bottom,528.5,111.5,470,439,1.08580135012198,-6.390032752646977,0.9393232835827541,0.09668230371807987,safe_fallback,assets/triangle/025_erase_the_triangle_0802-140722.png,C:\Users\user\Downloads\records_0727_0813\0802\erase_the_circle_0802-134917\videos\observation.images.top\chunk-000\file-000.mp4,0802/erase_circle/triangle/erase_the_circle_0802-134917/augmented.mp4,0802/erase_circle/triangle/erase_the_circle_0802-134917/placement_metadata.json,0802/erase_circle/triangle/erase_the_circle_0802-134917/debug,1635350956,1280,720,30.0,817,19244,109927
0802,erase_circle,erase_the_circle_0802-135033,erase the circle,circle,rectangle,bottom,top,322.5,486.0,442,11,0.8341803266115663,-4.802030626418691,0.9939752777402884,0.1701959817281125,safe_fallback,assets/rectangle/030_erase_the_rectangle_0804-181742.png,C:\Users\user\Downloads\records_0727_0813\0802\erase_the_circle_0802-135033\videos\observation.images.top\chunk-000\file-000.mp4,0802/erase_circle/rectangle/erase_the_circle_0802-135033/augmented.mp4,0802/erase_circle/rectangle/erase_the_circle_0802-135033/placement_metadata.json,0802/erase_circle/rectangle/erase_the_circle_0802-135033/debug,1471159136,1280,720,30.0,683,39,50309
0802,erase_circle,erase_the_circle_0802-135317,erase the circle,circle,triangle,bottom,top,424.5,477.5,387,1,0.8862273889214355,-5.344342654404715,0.9444442960805588,0.5736733532781711,safe_fallback,assets/triangle/059_erase_the_triangle_0805-182433.png,C:\Users\user\Downloads\records_0727_0813\0802\erase_the_circle_0802-135317\videos\observation.images.top\chunk-000\file-000.mp4,0802/erase_circle/triangle/erase_the_circle_0802-135317/augmented.mp4,0802/erase_circle/triangle/erase_the_circle_0802-135317/placement_metadata.json,0802/erase_circle/triangle/erase_the_circle_0802-135317/debug,1334692880,1280,720,30.0,654,2,61262
0802,erase_circle,erase_the_circle_0802-135438,erase the circle,circle,triangle,top,bottom,441.0,131.0,519,410,0.974191890927357,-8.89594668777158,0.9897442831993891,0.6493413880234298,safe_fallback,assets/triangle/009_erase_the_triangle_0727-114215.png,C:\Users\user\Downloads\records_0727_0813\0802\erase_the_circle_0802-135438\videos\observation.images.top\chunk-000\file-000.mp4,0802/erase_circle/triangle/erase_the_circle_0802-135438/augmented.mp4,0802/erase_circle/triangle/erase_the_circle_0802-135438/placement_metadata.json,0802/erase_circle/triangle/erase_the_circle_0802-135438/debug,1294232551,1280,720,30.0,836,26275,114275
0802,erase_circle,erase_the_circle_0802-135558,erase the circle,circle,rectangle,bottom,top,527.0,497.0,486,27,0.9152830536635259,3.1376836884261436,1.0819369745134964,0.4712388364849348,safe_fallback,assets/rectangle/101_erase_the_rectangle_0813-185632.png,C:\Users\user\Downloads\records_0727_0813\0802\erase_the_circle_0802-135558\videos\observation.images.top\chunk-000\file-000.mp4,0802/erase_circle/rectangle/erase_the_circle_0802-135558/augmented.mp4,0802/erase_circle/rectangle/erase_the_circle_0802-135558/placement_metadata.json,0802/erase_circle/rectangle/erase_the_circle_0802-135558/debug,237110942,1280,720,30.0,798,334,62101
0802,erase_circle,erase_the_circle_0802-135800,erase the circle,circle,rectangle,top,bottom,533.0,133.5,515,439,1.0512371669752198,-1.0636610878089634,0.9247559726222904,0.6518909982958312,safe_fallback,assets/rectangle/084_erase_the_rectangle_0813-122515.png,C:\Users\user\Downloads\records_0727_0813\0802\erase_the_circle_0802-135800\videos\observation.images.top\chunk-000\file-000.mp4,0802/erase_circle/rectangle/erase_the_circle_0802-135800/augmented.mp4,0802/erase_circle/rectangle/erase_the_circle_0802-135800/placement_metadata.json,0802/erase_circle/rectangle/erase_the_circle_0802-135800/debug,1626710892,1280,720,30.0,756,22557,115532
0802,erase_circle,erase_the_circle_0802-135912,erase the circle,circle,rectangle,bottom,top,438.5,475.5,296,13,0.8237042009922357,0.7742211127145193,0.9471134989371423,0.41538584204195417,safe_fallback,assets/rectangle/100_erase_the_rectangle_0813-185522.png,C:\Users\user\Downloads\records_0727_0813\0802\erase_the_circle_0802-135912\videos\observation.images.top\chunk-000\file-000.mp4,0802/erase_circle/rectangle/erase_the_circle_0802-135912/augmented.mp4,0802/erase_circle/rectangle/erase_the_circle_0802-135912/placement_metadata.json,0802/erase_circle/rectangle/erase_the_circle_0802-135912/debug,1896318895,1280,720,30.0,827,19,40061
0802,erase_circle,erase_the_circle_0802-140037,erase the circle,circle,rectangle,top,bottom,430.5,127.0,288,413,0.9018209086557876,3.5652885286702496,0.8860343716283217,0.5865464655231007,safe_fallback,assets/rectangle/039_erase_the_rectangle_0804-182849.png,C:\Users\user\Downloads\records_0727_0813\0802\erase_the_circle_0802-140037\videos\observation.images.top\chunk-000\file-000.mp4,0802/erase_circle/rectangle/erase_the_circle_0802-140037/augmented.mp4,0802/erase_circle/rectangle/erase_the_circle_0802-140037/placement_metadata.json,0802/erase_circle/rectangle/erase_the_circle_0802-140037/debug,991834940,1280,720,30.0,728,34793,115397
0802,erase_circle,erase_the_circle_0802-145406,erase the circle,circle,triangle,bottom,top,473.5,441.0,327,4,0.8119168039292971,-6.601454160030556,1.020636810611641,0.4732491915724542,safe_fallback,assets/triangle/096_erase_the_triangle_0812-142839.png,C:\Users\user\Downloads\records_0727_0813\0802\erase_the_circle_0802-145406\videos\observation.images.top\chunk-000\file-000.mp4,0802/erase_circle/triangle/erase_the_circle_0802-145406/augmented.mp4,0802/erase_circle/triangle/erase_the_circle_0802-145406/placement_metadata.json,0802/erase_circle/triangle/erase_the_circle_0802-145406/debug,2032723954,1280,720,30.0,650,1198,63258
0802,erase_triangle,erase_the_triangle_0802-140242,erase the triangle,triangle,rectangle,bottom,top,438.5,472.5,378,25,0.7188984576681013,-4.112748965507855,1.0623954174702372,0.5226819628105241,safe_fallback,assets/rectangle/021_erase_the_rectangle_0804-180439.png,C:\Users\user\Downloads\records_0727_0813\0802\erase_the_triangle_0802-140242\videos\observation.images.top\chunk-000\file-000.mp4,0802/erase_triangle/rectangle/erase_the_triangle_0802-140242/augmented.mp4,0802/erase_triangle/rectangle/erase_the_triangle_0802-140242/placement_metadata.json,0802/erase_triangle/rectangle/erase_the_triangle_0802-140242/debug,2019919136,1280,720,30.0,749,1848,59520
0802,erase_triangle,erase_the_triangle_0802-140354,erase the triangle,triangle,circle,top,bottom,422.5,121.0,485,467,1.058175905540432,3.268300875943403,0.9781081927935772,0.002761516774939299,safe_fallback,assets/circle/052_erase_the_circle_0805-183739.png,C:\Users\user\Downloads\records_0727_0813\0802\erase_the_triangle_0802-140354\videos\observation.images.top\chunk-000\file-000.mp4,0802/erase_triangle/circle/erase_the_triangle_0802-140354/augmented.mp4,0802/erase_triangle/circle/erase_the_triangle_0802-140354/placement_metadata.json,0802/erase_triangle/circle/erase_the_triangle_0802-140354/debug,1629130782,1280,720,30.0,726,9410,104463
0802,erase_triangle,erase_the_triangle_0802-140502,erase the triangle,triangle,rectangle,bottom,top,335.0,460.0,288,18,0.9261644916745962,-2.0802523339682155,1.0484644620346935,0.6857524575371032,safe_fallback,assets/rectangle/024_erase_the_rectangle_0804-180817.png,C:\Users\user\Downloads\records_0727_0813\0802\erase_the_triangle_0802-140502\videos\observation.images.top\chunk-000\file-000.mp4,0802/erase_triangle/rectangle/erase_the_triangle_0802-140502/augmented.mp4,0802/erase_triangle/rectangle/erase_the_triangle_0802-140502/placement_metadata.json,0802/erase_triangle/rectangle/erase_the_triangle_0802-140502/debug,502303309,1280,720,30.0,744,14,55710
0802,erase_triangle,erase_the_triangle_0802-140614,erase the triangle,triangle,circle,top,bottom,313.0,137.0,455,441,0.9571051647223224,-3.122025036464251,0.9922235202971815,0.5844975192785422,safe_fallback,assets/circle/087_erase_the_circle_0812-132832.png,C:\Users\user\Downloads\records_0727_0813\0802\erase_the_triangle_0802-140614\videos\observation.images.top\chunk-000\file-000.mp4,0802/erase_triangle/circle/erase_the_triangle_0802-140614/augmented.mp4,0802/erase_triangle/circle/erase_the_triangle_0802-140614/placement_metadata.json,0802/erase_triangle/circle/erase_the_triangle_0802-140614/debug,1245368964,1280,720,30.0,717,24016,108179
0802,erase_triangle,erase_the_triangle_0802-140722,erase the triangle,triangle,circle,bottom,top,548.0,463.5,292,8,0.8120919574932296,-5.852898107572971,1.0842059011862242,0.368568298795542,safe_fallback,assets/circle/095_erase_the_circle_0812-133842.png,C:\Users\user\Downloads\records_0727_0813\0802\erase_the_triangle_0802-140722\videos\observation.images.top\chunk-000\file-000.mp4,0802/erase_triangle/circle/erase_the_triangle_0802-140722/augmented.mp4,0802/erase_triangle/circle/erase_the_triangle_0802-140722/placement_metadata.json,0802/erase_triangle/circle/erase_the_triangle_0802-140722/debug,905017643,1280,720,30.0,671,9,57185
0802,erase_triangle,erase_the_triangle_0802-140827,erase the triangle,triangle,rectangle,top,bottom,509.5,132.5,320,432,1.0180323828887075,1.9728401308377475,0.916335417375841,0.6187071614094677,safe_fallback,assets/rectangle/046_erase_the_rectangle_0804-183957.png,C:\Users\user\Downloads\records_0727_0813\0802\erase_the_triangle_0802-140827\videos\observation.images.top\chunk-000\file-000.mp4,0802/erase_triangle/rectangle/erase_the_triangle_0802-140827/augmented.mp4,0802/erase_triangle/rectangle/erase_the_triangle_0802-140827/placement_metadata.json,0802/erase_triangle/rectangle/erase_the_triangle_0802-140827/debug,85707053,1280,720,30.0,693,15062,109426
0802,erase_triangle,erase_the_triangle_0802-140935,erase the triangle,triangle,circle,bottom,top,448.0,499.0,489,1,0.7704861607479417,-5.270415803696126,0.9016615165350161,0.03997802986077721,safe_fallback,assets/circle/039_erase_the_circle_0802-134917.png,C:\Users\user\Downloads\records_0727_0813\0802\erase_the_triangle_0802-140935\videos\observation.images.top\chunk-000\file-000.mp4,0802/erase_triangle/circle/erase_the_triangle_0802-140935/augmented.mp4,0802/erase_triangle/circle/erase_the_triangle_0802-140935/placement_metadata.json,0802/erase_triangle/circle/erase_the_triangle_0802-140935/debug,959823930,1280,720,30.0,664,347,56543
0802,erase_triangle,erase_the_triangle_0802-141044,erase the triangle,triangle,rectangle,top,bottom,426.5,134.5,498,461,1.002988082374826,7.5108816413284,0.8787427136576215,0.23813451716477624,safe_fallback,assets/rectangle/072_erase_the_rectangle_0812-135243.png,C:\Users\user\Downloads\records_0727_0813\0802\erase_the_triangle_0802-141044\videos\observation.images.top\chunk-000\file-000.mp4,0802/erase_triangle/rectangle/erase_the_triangle_0802-141044/augmented.mp4,0802/erase_triangle/rectangle/erase_the_triangle_0802-141044/placement_metadata.json,0802/erase_triangle/rectangle/erase_the_triangle_0802-141044/debug,1748414459,1280,720,30.0,711,10349,98091
0802,erase_triangle,erase_the_triangle_0802-141851,erase the triangle,triangle,circle,bottom,top,321.0,472.5,353,14,0.6681366893101617,2.324598769782086,0.9682342057257503,0.1566421165781683,safe_fallback,assets/circle/013_erase_the_circle_0727-110917.png,C:\Users\user\Downloads\records_0727_0813\0802\erase_the_triangle_0802-141851\videos\observation.images.top\chunk-000\file-000.mp4,0802/erase_triangle/circle/erase_the_triangle_0802-141851/augmented.mp4,0802/erase_triangle/circle/erase_the_triangle_0802-141851/placement_metadata.json,0802/erase_triangle/circle/erase_the_triangle_0802-141851/debug,480674822,1280,720,30.0,824,1778,70235
0802,erase_triangle,erase_the_triangle_0802-142006,erase the triangle,triangle,rectangle,top,bottom,308.0,158.5,520,441,0.9498794598594602,4.970926056581526,0.9398219183004028,0.30603791359108157,safe_fallback,assets/rectangle/008_erase_the_rectangle_0727-121435.png,C:\Users\user\Downloads\records_0727_0813\0802\erase_the_triangle_0802-142006\videos\observation.images.top\chunk-000\file-000.mp4,0802/erase_triangle/rectangle/erase_the_triangle_0802-142006/augmented.mp4,0802/erase_triangle/rectangle/erase_the_triangle_0802-142006/placement_metadata.json,0802/erase_triangle/rectangle/erase_the_triangle_0802-142006/debug,1702408367,1280,720,30.0,747,19032,102320
0802,erase_triangle,erase_the_triangle_0802-142116,erase the triangle,triangle,circle,bottom,top,534.5,476.5,301,6,0.7315809345982744,-2.8848739309450786,1.0542602221033024,0.03598215612676832,safe_fallback,assets/circle/091_erase_the_circle_0812-133256.png,C:\Users\user\Downloads\records_0727_0813\0802\erase_the_triangle_0802-142116\videos\observation.images.top\chunk-000\file-000.mp4,0802/erase_triangle/circle/erase_the_triangle_0802-142116/augmented.mp4,0802/erase_triangle/circle/erase_the_triangle_0802-142116/placement_metadata.json,0802/erase_triangle/circle/erase_the_triangle_0802-142116/debug,816670505,1280,720,30.0,714,85,58411
0802,erase_triangle,erase_the_triangle_0802-142225,erase the triangle,triangle,rectangle,top,bottom,524.0,142.5,489,469,1.004516215463459,8.648004325810312,0.9949288813949507,0.587698280952676,safe_fallback,assets/rectangle/042_erase_the_rectangle_0804-183421.png,C:\Users\user\Downloads\records_0727_0813\0802\erase_the_triangle_0802-142225\videos\observation.images.top\chunk-000\file-000.mp4,0802/erase_triangle/rectangle/erase_the_triangle_0802-142225/augmented.mp4,0802/erase_triangle/rectangle/erase_the_triangle_0802-142225/placement_metadata.json,0802/erase_triangle/rectangle/erase_the_triangle_0802-142225/debug,1198072400,1280,720,30.0,767,2188,81730
0802,erase_triangle,erase_the_triangle_0802-142338,erase the triangle,triangle,circle,bottom,top,429.5,468.0,294,6,0.8305999027071557,6.245394127185664,0.9831535812512983,0.720234041748351,safe_fallback,assets/circle/028_erase_the_circle_0802-132211.png,C:\Users\user\Downloads\records_0727_0813\0802\erase_the_triangle_0802-142338\videos\observation.images.top\chunk-000\file-000.mp4,0802/erase_triangle/circle/erase_the_triangle_0802-142338/augmented.mp4,0802/erase_triangle/circle/erase_the_triangle_0802-142338/placement_metadata.json,0802/erase_triangle/circle/erase_the_triangle_0802-142338/debug,1105685403,1280,720,30.0,728,10,58718
0802,erase_triangle,erase_the_triangle_0802-142550,erase the triangle,triangle,circle,top,bottom,402.0,135.0,290,411,1.060223288999135,-8.864275625045066,0.8848467907447705,0.13256869338413146,safe_fallback,assets/circle/022_erase_the_circle_0802-130825.png,C:\Users\user\Downloads\records_0727_0813\0802\erase_the_triangle_0802-142550\videos\observation.images.top\chunk-000\file-000.mp4,0802/erase_triangle/circle/erase_the_triangle_0802-142550/augmented.mp4,0802/erase_triangle/circle/erase_the_triangle_0802-142550/placement_metadata.json,0802/erase_triangle/circle/erase_the_triangle_0802-142550/debug,182796575,1280,720,30.0,816,15710,114821
0802,erase_triangle,erase_the_triangle_0802-142707,erase the triangle,triangle,rectangle,bottom,top,321.0,468.0,315,14,0.8058449567747323,0.9443384508121966,1.0980708034906692,0.0935934956551586,safe_fallback,assets/rectangle/027_erase_the_rectangle_0804-181153.png,C:\Users\user\Downloads\records_0727_0813\0802\erase_the_triangle_0802-142707\videos\observation.images.top\chunk-000\file-000.mp4,0802/erase_triangle/rectangle/erase_the_triangle_0802-142707/augmented.mp4,0802/erase_triangle/rectangle/erase_the_triangle_0802-142707/placement_metadata.json,0802/erase_triangle/rectangle/erase_the_triangle_0802-142707/debug,33022513,1280,720,30.0,723,239,52218
0802,erase_triangle,erase_the_triangle_0802-142815,erase the triangle,triangle,circle,top,bottom,302.5,155.5,288,432,0.9718440561106796,-0.9009029337973455,0.9993213485736141,0.5646700505814811,safe_fallback,assets/circle/055_erase_the_circle_0805-184247.png,C:\Users\user\Downloads\records_0727_0813\0802\erase_the_triangle_0802-142815\videos\observation.images.top\chunk-000\file-000.mp4,0802/erase_triangle/circle/erase_the_triangle_0802-142815/augmented.mp4,0802/erase_triangle/circle/erase_the_triangle_0802-142815/placement_metadata.json,0802/erase_triangle/circle/erase_the_triangle_0802-142815/debug,1885467448,1280,720,30.0,912,13078,108720
0802,erase_triangle,erase_the_triangle_0802-143049,erase the triangle,triangle,rectangle,bottom,top,545.5,492.5,542,9,0.5578633937923082,2.2354833455002545,1.0972248652393046,0.5818096039479367,safe_fallback,assets/rectangle/085_erase_the_rectangle_0813-122623.png,C:\Users\user\Downloads\records_0727_0813\0802\erase_the_triangle_0802-143049\videos\observation.images.top\chunk-000\file-000.mp4,0802/erase_triangle/rectangle/erase_the_triangle_0802-143049/augmented.mp4,0802/erase_triangle/rectangle/erase_the_triangle_0802-143049/placement_metadata.json,0802/erase_triangle/rectangle/erase_the_triangle_0802-143049/debug,462956464,1280,720,30.0,843,726,66473
0802,erase_triangle,erase_the_triangle_0802-143457,erase the triangle,triangle,circle,bottom,top,418.5,449.5,288,16,0.7072414113651173,0.2829926172377135,1.0240827931609122,0.5679729269762663,safe_fallback,assets/circle/062_erase_the_circle_0805-185457.png,C:\Users\user\Downloads\records_0727_0813\0802\erase_the_triangle_0802-143457\videos\observation.images.top\chunk-000\file-000.mp4,0802/erase_triangle/circle/erase_the_triangle_0802-143457/augmented.mp4,0802/erase_triangle/circle/erase_the_triangle_0802-143457/placement_metadata.json,0802/erase_triangle/circle/erase_the_triangle_0802-143457/debug,1031337773,1280,720,30.0,654,134,60242
0802,erase_triangle,erase_the_triangle_0802-143602,erase the triangle,triangle,rectangle,top,bottom,411.5,145.5,456,469,0.9863572349493904,0.16424975890067373,1.0842645595885592,0.6120086119848065,safe_fallback,assets/rectangle/104_erase_the_rectangle_0813-214715.png,C:\Users\user\Downloads\records_0727_0813\0802\erase_the_triangle_0802-143602\videos\observation.images.top\chunk-000\file-000.mp4,0802/erase_triangle/rectangle/erase_the_triangle_0802-143602/augmented.mp4,0802/erase_triangle/rectangle/erase_the_triangle_0802-143602/placement_metadata.json,0802/erase_triangle/rectangle/erase_the_triangle_0802-143602/debug,391403498,1280,720,30.0,658,19374,109308
0802,erase_triangle,erase_the_triangle_0802-143708,erase the triangle,triangle,circle,bottom,top,335.0,470.5,581,5,0.838516598023119,0.824208078544368,0.8984185549558028,0.18635250956211263,safe_fallback,assets/circle/101_erase_the_circle_0813-121727.png,C:\Users\user\Downloads\records_0727_0813\0802\erase_the_triangle_0802-143708\videos\observation.images.top\chunk-000\file-000.mp4,0802/erase_triangle/circle/erase_the_triangle_0802-143708/augmented.mp4,0802/erase_triangle/circle/erase_the_triangle_0802-143708/placement_metadata.json,0802/erase_triangle/circle/erase_the_triangle_0802-143708/debug,540816523,1280,720,30.0,687,1,52184
0802,erase_triangle,erase_the_triangle_0802-143815,erase the triangle,triangle,rectangle,top,bottom,295.5,146.5,435,435,1.0359442979381532,7.364614344058772,0.9060670555645713,0.1459507523350104,safe_fallback,assets/rectangle/103_erase_the_rectangle_0813-214351.png,C:\Users\user\Downloads\records_0727_0813\0802\erase_the_triangle_0802-143815\videos\observation.images.top\chunk-000\file-000.mp4,0802/erase_triangle/rectangle/erase_the_triangle_0802-143815/augmented.mp4,0802/erase_triangle/rectangle/erase_the_triangle_0802-143815/placement_metadata.json,0802/erase_triangle/rectangle/erase_the_triangle_0802-143815/debug,1352015479,1280,720,30.0,768,12496,110474
0802,erase_triangle,erase_the_triangle_0802-143926,erase the triangle,triangle,circle,bottom,top,539.5,463.0,292,9,0.7238591313097259,0.23765379328448688,0.8616532127102619,0.7160901694945195,safe_fallback,assets/circle/102_erase_the_circle_0813-121829.png,C:\Users\user\Downloads\records_0727_0813\0802\erase_the_triangle_0802-143926\videos\observation.images.top\chunk-000\file-000.mp4,0802/erase_triangle/circle/erase_the_triangle_0802-143926/augmented.mp4,0802/erase_triangle/circle/erase_the_triangle_0802-143926/placement_metadata.json,0802/erase_triangle/circle/erase_the_triangle_0802-143926/debug,1165418094,1280,720,30.0,751,9,59356
0802,erase_triangle,erase_the_triangle_0802-144141,erase the triangle,triangle,rectangle,top,bottom,523.0,141.0,458,448,0.9053045461138246,1.261144912900793,1.0087083132930632,0.39594314926286506,safe_fallback,assets/rectangle/006_erase_the_rectangle_0727-121135.png,C:\Users\user\Downloads\records_0727_0813\0802\erase_the_triangle_0802-144141\videos\observation.images.top\chunk-000\file-000.mp4,0802/erase_triangle/rectangle/erase_the_triangle_0802-144141/augmented.mp4,0802/erase_triangle/rectangle/erase_the_triangle_0802-144141/placement_metadata.json,0802/erase_triangle/rectangle/erase_the_triangle_0802-144141/debug,6237586,1280,720,30.0,732,18636,108263
0802,erase_triangle,erase_the_triangle_0802-144300,erase the triangle,triangle,circle,bottom,top,435.0,458.0,574,11,0.8255499763497949,-0.34988351340393287,1.067445754955919,0.5089132771935366,safe_fallback,assets/circle/042_erase_the_circle_0802-135438.png,C:\Users\user\Downloads\records_0727_0813\0802\erase_the_triangle_0802-144300\videos\observation.images.top\chunk-000\file-000.mp4,0802/erase_triangle/circle/erase_the_triangle_0802-144300/augmented.mp4,0802/erase_triangle/circle/erase_the_triangle_0802-144300/placement_metadata.json,0802/erase_triangle/circle/erase_the_triangle_0802-144300/debug,1854738130,1280,720,30.0,690,54,57695
0802,erase_triangle,erase_the_triangle_0802-144407,erase the triangle,triangle,rectangle,top,bottom,429.5,90.5,456,416,0.9950276106538983,-5.320393290939953,0.868565217056971,0.6075696875312477,safe_fallback,assets/rectangle/071_erase_the_rectangle_0812-135142.png,C:\Users\user\Downloads\records_0727_0813\0802\erase_the_triangle_0802-144407\videos\observation.images.top\chunk-000\file-000.mp4,0802/erase_triangle/rectangle/erase_the_triangle_0802-144407/augmented.mp4,0802/erase_triangle/rectangle/erase_the_triangle_0802-144407/placement_metadata.json,0802/erase_triangle/rectangle/erase_the_triangle_0802-144407/debug,902909515,1280,720,30.0,718,34364,118330
0802,erase_triangle,erase_the_triangle_0802-144514,erase the triangle,triangle,rectangle,bottom,top,298.0,417.0,600,11,0.8751531138206206,-0.03600076869340363,1.0535199594603468,0.5520566387914182,safe_fallback,assets/rectangle/061_erase_the_rectangle_0811-201909.png,C:\Users\user\Downloads\records_0727_0813\0802\erase_the_triangle_0802-144514\videos\observation.images.top\chunk-000\file-000.mp4,0802/erase_triangle/rectangle/erase_the_triangle_0802-144514/augmented.mp4,0802/erase_triangle/rectangle/erase_the_triangle_0802-144514/placement_metadata.json,0802/erase_triangle/rectangle/erase_the_triangle_0802-144514/debug,822428857,1280,720,30.0,778,7,49344
0802,erase_triangle,erase_the_triangle_0802-144629,erase the triangle,triangle,circle,top,bottom,292.5,217.0,308,428,0.9533901722639477,1.602211818314066,0.8783777299456048,0.7055713112890294,safe_fallback,assets/circle/046_erase_the_circle_0802-140037.png,C:\Users\user\Downloads\records_0727_0813\0802\erase_the_triangle_0802-144629\videos\observation.images.top\chunk-000\file-000.mp4,0802/erase_triangle/circle/erase_the_triangle_0802-144629/augmented.mp4,0802/erase_triangle/circle/erase_the_triangle_0802-144629/placement_metadata.json,0802/erase_triangle/circle/erase_the_triangle_0802-144629/debug,1070253199,1280,720,30.0,773,18215,105834
0802,erase_triangle,erase_the_triangle_0802-144740,erase the triangle,triangle,circle,bottom,top,557.0,456.5,494,8,0.8351432067480856,-6.519970805547441,1.061332078316756,0.2050763730196973,safe_fallback,assets/circle/094_erase_the_circle_0812-133610.png,C:\Users\user\Downloads\records_0727_0813\0802\erase_the_triangle_0802-144740\videos\observation.images.top\chunk-000\file-000.mp4,0802/erase_triangle/circle/erase_the_triangle_0802-144740/augmented.mp4,0802/erase_triangle/circle/erase_the_triangle_0802-144740/placement_metadata.json,0802/erase_triangle/circle/erase_the_triangle_0802-144740/debug,626981741,1280,720,30.0,770,192,62963
0802,erase_triangle,erase_the_triangle_0802-144858,erase the triangle,triangle,rectangle,top,bottom,573.5,156.5,457,440,1.0022173645676469,-6.298234291445177,1.0213431468360243,0.10542116774040187,safe_fallback,assets/rectangle/009_erase_the_rectangle_0727-121601.png,C:\Users\user\Downloads\records_0727_0813\0802\erase_the_triangle_0802-144858\videos\observation.images.top\chunk-000\file-000.mp4,0802/erase_triangle/rectangle/erase_the_triangle_0802-144858/augmented.mp4,0802/erase_triangle/rectangle/erase_the_triangle_0802-144858/placement_metadata.json,0802/erase_triangle/rectangle/erase_the_triangle_0802-144858/debug,1228912421,1280,720,30.0,733,17928,107867
0804,erase_rectangle,erase_the_rectangle_0804-180439,erase the rectangle,rectangle,circle,top,bottom,435.0,108.0,462,447,0.9283909051623044,2.7013141477514786,1.0524207371000005,0.42184714288645253,safe_fallback,assets/circle/034_erase_the_circle_0802-133354.png,C:\Users\user\Downloads\records_0727_0813\0804\erase_the_rectangle_0804-180439\videos\observation.images.top\chunk-000\file-000.mp4,0804/erase_rectangle/circle/erase_the_rectangle_0804-180439/augmented.mp4,0804/erase_rectangle/circle/erase_the_rectangle_0804-180439/placement_metadata.json,0804/erase_rectangle/circle/erase_the_rectangle_0804-180439/debug,95178509,1280,720,30.0,775,26770,107256
0804,erase_rectangle,erase_the_rectangle_0804-180555,erase the rectangle,rectangle,circle,bottom,top,439.5,475.5,495,6,0.8259138859196866,-6.764926340211783,1.0706443322057733,0.7387444868052607,safe_fallback,assets/circle/036_erase_the_circle_0802-133624.png,C:\Users\user\Downloads\records_0727_0813\0804\erase_the_rectangle_0804-180555\videos\observation.images.top\chunk-000\file-000.mp4,0804/erase_rectangle/circle/erase_the_rectangle_0804-180555/augmented.mp4,0804/erase_rectangle/circle/erase_the_rectangle_0804-180555/placement_metadata.json,0804/erase_rectangle/circle/erase_the_rectangle_0804-180555/debug,1674228587,1280,720,30.0,782,422,48440
0804,erase_rectangle,erase_the_rectangle_0804-180705,erase the rectangle,rectangle,triangle,top,bottom,316.5,139.5,288,427,0.9116478909136206,-9.197633558219005,0.940351108377496,0.09548271259013914,safe_fallback,assets/triangle/065_erase_the_triangle_0811-202700.png,C:\Users\user\Downloads\records_0727_0813\0804\erase_the_rectangle_0804-180705\videos\observation.images.top\chunk-000\file-000.mp4,0804/erase_rectangle/triangle/erase_the_rectangle_0804-180705/augmented.mp4,0804/erase_rectangle/triangle/erase_the_rectangle_0804-180705/placement_metadata.json,0804/erase_rectangle/triangle/erase_the_rectangle_0804-180705/debug,2129240074,1280,720,30.0,785,26272,107804
0804,erase_rectangle,erase_the_rectangle_0804-180817,erase the rectangle,rectangle,circle,bottom,top,319.5,467.5,490,6,0.948469865683473,2.5579612551738578,0.9033894004076141,0.14860229427347865,safe_fallback,assets/circle/074_erase_the_circle_0811-211826.png,C:\Users\user\Downloads\records_0727_0813\0804\erase_the_rectangle_0804-180817\videos\observation.images.top\chunk-000\file-000.mp4,0804/erase_rectangle/circle/erase_the_rectangle_0804-180817/augmented.mp4,0804/erase_rectangle/circle/erase_the_rectangle_0804-180817/placement_metadata.json,0804/erase_rectangle/circle/erase_the_rectangle_0804-180817/debug,560327879,1280,720,30.0,756,8,56403
0804,erase_rectangle,erase_the_rectangle_0804-180929,erase the rectangle,rectangle,triangle,top,bottom,583.0,129.0,329,413,0.9850214593126974,-2.405437776250845,1.0211905645662578,0.17561366918384583,safe_fallback,assets/triangle/033_erase_the_triangle_0802-142338.png,C:\Users\user\Downloads\records_0727_0813\0804\erase_the_rectangle_0804-180929\videos\observation.images.top\chunk-000\file-000.mp4,0804/erase_rectangle/triangle/erase_the_rectangle_0804-180929/augmented.mp4,0804/erase_rectangle/triangle/erase_the_rectangle_0804-180929/placement_metadata.json,0804/erase_rectangle/triangle/erase_the_rectangle_0804-180929/debug,261622702,1280,720,30.0,715,24825,109694
0804,erase_rectangle,erase_the_rectangle_0804-181039,erase the rectangle,rectangle,triangle,bottom,top,563.5,478.0,481,9,0.852828503295408,5.775016325860719,0.9413158882114434,0.12256951547426374,safe_fallback,assets/triangle/092_erase_the_triangle_0812-142437.png,C:\Users\user\Downloads\records_0727_0813\0804\erase_the_rectangle_0804-181039\videos\observation.images.top\chunk-000\file-000.mp4,0804/erase_rectangle/triangle/erase_the_rectangle_0804-181039/augmented.mp4,0804/erase_rectangle/triangle/erase_the_rectangle_0804-181039/placement_metadata.json,0804/erase_rectangle/triangle/erase_the_rectangle_0804-181039/debug,1413529157,1280,720,30.0,866,57,55798
0804,erase_rectangle,erase_the_rectangle_0804-181153,erase the rectangle,rectangle,triangle,top,bottom,424.5,94.0,489,438,1.0030801721790468,-2.1148207352021497,0.9858033726728811,0.14590882679971173,safe_fallback,assets/triangle/010_erase_the_triangle_0727-114335.png,C:\Users\user\Downloads\records_0727_0813\0804\erase_the_rectangle_0804-181153\videos\observation.images.top\chunk-000\file-000.mp4,0804/erase_rectangle/triangle/erase_the_rectangle_0804-181153/augmented.mp4,0804/erase_rectangle/triangle/erase_the_rectangle_0804-181153/placement_metadata.json,0804/erase_rectangle/triangle/erase_the_rectangle_0804-181153/debug,1767999038,1280,720,30.0,728,27097,116527
0804,erase_rectangle,erase_the_rectangle_0804-181404,erase the rectangle,rectangle,circle,bottom,top,313.5,475.5,590,3,0.9054660690467734,6.273255043711009,0.8524066938512896,0.7114843742659107,safe_fallback,assets/circle/096_erase_the_circle_0812-133948.png,C:\Users\user\Downloads\records_0727_0813\0804\erase_the_rectangle_0804-181404\videos\observation.images.top\chunk-000\file-000.mp4,0804/erase_rectangle/circle/erase_the_rectangle_0804-181404/augmented.mp4,0804/erase_rectangle/circle/erase_the_rectangle_0804-181404/placement_metadata.json,0804/erase_rectangle/circle/erase_the_rectangle_0804-181404/debug,2133817915,1280,720,30.0,945,3,38736
0804,erase_rectangle,erase_the_rectangle_0804-181522,erase the rectangle,rectangle,circle,top,bottom,301.5,144.5,288,407,0.9622769977472126,-0.9355320127888014,1.060317261849048,0.563612269662903,safe_fallback,assets/circle/103_erase_the_circle_0813-212950.png,C:\Users\user\Downloads\records_0727_0813\0804\erase_the_rectangle_0804-181522\videos\observation.images.top\chunk-000\file-000.mp4,0804/erase_rectangle/circle/erase_the_rectangle_0804-181522/augmented.mp4,0804/erase_rectangle/circle/erase_the_rectangle_0804-181522/placement_metadata.json,0804/erase_rectangle/circle/erase_the_rectangle_0804-181522/debug,1576350518,1280,720,30.0,890,29368,109536
0804,erase_rectangle,erase_the_rectangle_0804-181742,erase the rectangle,rectangle,circle,top,bottom,500.5,123.5,492,451,0.9267995236421487,1.1867713710451095,1.0826936627768464,0.06903540315444259,safe_fallback,assets/circle/018_erase_the_circle_0727-111943.png,C:\Users\user\Downloads\records_0727_0813\0804\erase_the_rectangle_0804-181742\videos\observation.images.top\chunk-000\file-000.mp4,0804/erase_rectangle/circle/erase_the_rectangle_0804-181742/augmented.mp4,0804/erase_rectangle/circle/erase_the_rectangle_0804-181742/placement_metadata.json,0804/erase_rectangle/circle/erase_the_rectangle_0804-181742/debug,581598483,1280,720,30.0,716,29168,110244
0804,erase_rectangle,erase_the_rectangle_0804-181848,erase the rectangle,rectangle,circle,bottom,top,444.5,518.5,492,7,0.821133345435437,3.576001875999177,1.0084725122780491,0.5234398360714335,safe_fallback,assets/circle/067_erase_the_circle_0811-210646.png,C:\Users\user\Downloads\records_0727_0813\0804\erase_the_rectangle_0804-181848\videos\observation.images.top\chunk-000\file-000.mp4,0804/erase_rectangle/circle/erase_the_rectangle_0804-181848/augmented.mp4,0804/erase_rectangle/circle/erase_the_rectangle_0804-181848/placement_metadata.json,0804/erase_rectangle/circle/erase_the_rectangle_0804-181848/debug,1373112116,1280,720,30.0,705,1,49951
0804,erase_rectangle,erase_the_rectangle_0804-181955,erase the rectangle,rectangle,triangle,top,bottom,423.0,103.5,463,410,1.0611394147866884,-7.195510750399448,0.8673114238283344,0.5419463236777452,safe_fallback,assets/triangle/031_erase_the_triangle_0802-142116.png,C:\Users\user\Downloads\records_0727_0813\0804\erase_the_rectangle_0804-181955\videos\observation.images.top\chunk-000\file-000.mp4,0804/erase_rectangle/triangle/erase_the_rectangle_0804-181955/augmented.mp4,0804/erase_rectangle/triangle/erase_the_rectangle_0804-181955/placement_metadata.json,0804/erase_rectangle/triangle/erase_the_rectangle_0804-181955/debug,2063432973,1280,720,30.0,805,21938,109225
0804,erase_rectangle,erase_the_rectangle_0804-182109,erase the rectangle,rectangle,triangle,top,bottom,350.0,121.5,288,411,0.9216361248415074,-0.11244007093068475,1.0090386683726775,0.456641065312685,safe_fallback,assets/triangle/061_erase_the_triangle_0805-182918.png,C:\Users\user\Downloads\records_0727_0813\0804\erase_the_rectangle_0804-182109\videos\observation.images.top\chunk-000\file-000.mp4,0804/erase_rectangle/triangle/erase_the_rectangle_0804-182109/augmented.mp4,0804/erase_rectangle/triangle/erase_the_rectangle_0804-182109/placement_metadata.json,0804/erase_rectangle/triangle/erase_the_rectangle_0804-182109/debug,1365648077,1280,720,30.0,768,23438,107693
0804,erase_rectangle,erase_the_rectangle_0804-182219,erase the rectangle,rectangle,circle,bottom,top,310.0,463.5,303,19,0.8307029510403727,0.19454508121365954,0.9858769014682511,0.6254710839496775,safe_fallback,assets/circle/033_erase_the_circle_0802-133231.png,C:\Users\user\Downloads\records_0727_0813\0804\erase_the_rectangle_0804-182219\videos\observation.images.top\chunk-000\file-000.mp4,0804/erase_rectangle/circle/erase_the_rectangle_0804-182219/augmented.mp4,0804/erase_rectangle/circle/erase_the_rectangle_0804-182219/placement_metadata.json,0804/erase_rectangle/circle/erase_the_rectangle_0804-182219/debug,1296077147,1280,720,30.0,613,41,51774
0804,erase_rectangle,erase_the_rectangle_0804-182321,erase the rectangle,rectangle,circle,top,bottom,300.5,117.5,522,468,0.9277005136522779,-4.89962921071246,1.0756221281935419,0.7206108084065901,safe_fallback,assets/circle/007_erase_the_circle_0726-164325.png,C:\Users\user\Downloads\records_0727_0813\0804\erase_the_rectangle_0804-182321\videos\observation.images.top\chunk-000\file-000.mp4,0804/erase_rectangle/circle/erase_the_rectangle_0804-182321/augmented.mp4,0804/erase_rectangle/circle/erase_the_rectangle_0804-182321/placement_metadata.json,0804/erase_rectangle/circle/erase_the_rectangle_0804-182321/debug,2026731404,1280,720,30.0,663,27202,109514
0804,erase_rectangle,erase_the_rectangle_0804-182432,erase the rectangle,rectangle,triangle,bottom,top,449.5,482.0,288,16,0.8295800303133002,-5.136137754495401,0.9111290503753624,0.7400579485657104,safe_fallback,assets/triangle/046_erase_the_triangle_0802-144514.png,C:\Users\user\Downloads\records_0727_0813\0804\erase_the_rectangle_0804-182432\videos\observation.images.top\chunk-000\file-000.mp4,0804/erase_rectangle/triangle/erase_the_rectangle_0804-182432/augmented.mp4,0804/erase_rectangle/triangle/erase_the_rectangle_0804-182432/placement_metadata.json,0804/erase_rectangle/triangle/erase_the_rectangle_0804-182432/debug,345890491,1280,720,30.0,668,113,46929
0804,erase_rectangle,erase_the_rectangle_0804-182535,erase the rectangle,rectangle,circle,top,bottom,437.0,145.5,288,424,1.0147000058639488,1.0877257096231716,1.0684860375283591,0.7075983655507361,safe_fallback,assets/circle/050_erase_the_circle_0805-183515.png,C:\Users\user\Downloads\records_0727_0813\0804\erase_the_rectangle_0804-182535\videos\observation.images.top\chunk-000\file-000.mp4,0804/erase_rectangle/circle/erase_the_rectangle_0804-182535/augmented.mp4,0804/erase_rectangle/circle/erase_the_rectangle_0804-182535/placement_metadata.json,0804/erase_rectangle/circle/erase_the_rectangle_0804-182535/debug,1294978214,1280,720,30.0,628,14474,105451
0804,erase_rectangle,erase_the_rectangle_0804-182742,erase the rectangle,rectangle,triangle,top,bottom,546.0,118.5,495,457,0.9905757242900739,-8.371604276128615,1.0181163508592022,0.6001100195097641,safe_fallback,assets/triangle/006_erase_the_triangle_0727-113710.png,C:\Users\user\Downloads\records_0727_0813\0804\erase_the_rectangle_0804-182742\videos\observation.images.top\chunk-000\file-000.mp4,0804/erase_rectangle/triangle/erase_the_rectangle_0804-182742/augmented.mp4,0804/erase_rectangle/triangle/erase_the_rectangle_0804-182742/placement_metadata.json,0804/erase_rectangle/triangle/erase_the_rectangle_0804-182742/debug,1569818616,1280,720,30.0,707,13368,102336
0804,erase_rectangle,erase_the_rectangle_0804-182849,erase the rectangle,rectangle,triangle,bottom,top,320.5,459.0,482,15,0.8130044454210916,-1.3958215991736758,0.8898432232563515,0.24398494488747985,safe_fallback,assets/triangle/049_erase_the_triangle_0802-144858.png,C:\Users\user\Downloads\records_0727_0813\0804\erase_the_rectangle_0804-182849\videos\observation.images.top\chunk-000\file-000.mp4,0804/erase_rectangle/triangle/erase_the_rectangle_0804-182849/augmented.mp4,0804/erase_rectangle/triangle/erase_the_rectangle_0804-182849/placement_metadata.json,0804/erase_rectangle/triangle/erase_the_rectangle_0804-182849/debug,1014074658,1280,720,30.0,661,73,51969
0804,erase_rectangle,erase_the_rectangle_0804-182952,erase the rectangle,rectangle,circle,top,bottom,303.0,145.0,526,466,0.9149715488419732,-1.464224535763618,0.8876419565878927,0.40219826328790387,safe_fallback,assets/circle/006_erase_the_circle_0726-164200.png,C:\Users\user\Downloads\records_0727_0813\0804\erase_the_rectangle_0804-182952\videos\observation.images.top\chunk-000\file-000.mp4,0804/erase_rectangle/circle/erase_the_rectangle_0804-182952/augmented.mp4,0804/erase_rectangle/circle/erase_the_rectangle_0804-182952/placement_metadata.json,0804/erase_rectangle/circle/erase_the_rectangle_0804-182952/debug,1534952704,1280,720,30.0,717,27257,108682
0804,erase_rectangle,erase_the_rectangle_0804-183207,erase the rectangle,rectangle,circle,bottom,top,452.5,473.0,300,11,0.8762585435170619,1.4158872446143071,0.9044426314621287,0.5178528319336475,safe_fallback,assets/circle/097_erase_the_circle_0812-134055.png,C:\Users\user\Downloads\records_0727_0813\0804\erase_the_rectangle_0804-183207\videos\observation.images.top\chunk-000\file-000.mp4,0804/erase_rectangle/circle/erase_the_rectangle_0804-183207/augmented.mp4,0804/erase_rectangle/circle/erase_the_rectangle_0804-183207/placement_metadata.json,0804/erase_rectangle/circle/erase_the_rectangle_0804-183207/debug,789226166,1280,720,30.0,800,22,47852
0804,erase_rectangle,erase_the_rectangle_0804-183421,erase the rectangle,rectangle,triangle,bottom,top,528.5,461.5,340,8,0.8058093471802222,-7.587903168979333,0.9359116339720532,0.5826317578144752,safe_fallback,assets/triangle/018_erase_the_triangle_0727-115747.png,C:\Users\user\Downloads\records_0727_0813\0804\erase_the_rectangle_0804-183421\videos\observation.images.top\chunk-000\file-000.mp4,0804/erase_rectangle/triangle/erase_the_rectangle_0804-183421/augmented.mp4,0804/erase_rectangle/triangle/erase_the_rectangle_0804-183421/placement_metadata.json,0804/erase_rectangle/triangle/erase_the_rectangle_0804-183421/debug,412655226,1280,720,30.0,862,1161,63492
0804,erase_rectangle,erase_the_rectangle_0804-183535,erase the rectangle,rectangle,triangle,top,bottom,533.0,132.0,288,398,0.9570932975687383,7.349128890261586,0.9713663952190266,0.18562393070540528,safe_fallback,assets/triangle/029_erase_the_triangle_0802-141851.png,C:\Users\user\Downloads\records_0727_0813\0804\erase_the_rectangle_0804-183535\videos\observation.images.top\chunk-000\file-000.mp4,0804/erase_rectangle/triangle/erase_the_rectangle_0804-183535/augmented.mp4,0804/erase_rectangle/triangle/erase_the_rectangle_0804-183535/placement_metadata.json,0804/erase_rectangle/triangle/erase_the_rectangle_0804-183535/debug,634402987,1280,720,30.0,777,24863,108054
0804,erase_rectangle,erase_the_rectangle_0804-183646,erase the rectangle,rectangle,circle,bottom,top,326.5,448.5,299,9,0.9184251463266578,2.3808511142266298,0.9845438506267273,0.09645343508172433,safe_fallback,assets/circle/093_erase_the_circle_0812-133507.png,C:\Users\user\Downloads\records_0727_0813\0804\erase_the_rectangle_0804-183646\videos\observation.images.top\chunk-000\file-000.mp4,0804/erase_rectangle/circle/erase_the_rectangle_0804-183646/augmented.mp4,0804/erase_rectangle/circle/erase_the_rectangle_0804-183646/placement_metadata.json,0804/erase_rectangle/circle/erase_the_rectangle_0804-183646/debug,478478914,1280,720,30.0,660,27,53980
0804,erase_rectangle,erase_the_rectangle_0804-183848,erase the rectangle,rectangle,circle,top,bottom,311.0,144.5,288,418,1.0976037684097903,-4.083265858993128,1.0111928372928607,0.2843598583778288,safe_fallback,assets/circle/056_erase_the_circle_0805-184359.png,C:\Users\user\Downloads\records_0727_0813\0804\erase_the_rectangle_0804-183848\videos\observation.images.top\chunk-000\file-000.mp4,0804/erase_rectangle/circle/erase_the_rectangle_0804-183848/augmented.mp4,0804/erase_rectangle/circle/erase_the_rectangle_0804-183848/placement_metadata.json,0804/erase_rectangle/circle/erase_the_rectangle_0804-183848/debug,795606540,1280,720,30.0,739,5050,102967
0804,erase_rectangle,erase_the_rectangle_0804-183957,erase the rectangle,rectangle,triangle,bottom,top,454.0,450.5,460,8,0.8813025805319277,-2.6812072615734284,1.0750655052749398,0.7802835345018603,safe_fallback,assets/triangle/091_erase_the_triangle_0812-142152.png,C:\Users\user\Downloads\records_0727_0813\0804\erase_the_rectangle_0804-183957\videos\observation.images.top\chunk-000\file-000.mp4,0804/erase_rectangle/triangle/erase_the_rectangle_0804-183957/augmented.mp4,0804/erase_rectangle/triangle/erase_the_rectangle_0804-183957/placement_metadata.json,0804/erase_rectangle/triangle/erase_the_rectangle_0804-183957/debug,1576189297,1280,720,30.0,673,33,52579
0805,erase_circle,erase_the_circle_0805-183247,erase the circle,circle,triangle,bottom,top,461.0,522.5,569,4,0.8134738528831501,-5.134272294127127,0.9354571746715925,0.7250389823581743,safe_fallback,assets/triangle/015_erase_the_triangle_0727-115349.png,C:\Users\user\Downloads\records_0727_0813\0805\erase_the_circle_0805-183247\videos\observation.images.top\chunk-000\file-000.mp4,0805/erase_circle/triangle/erase_the_circle_0805-183247/augmented.mp4,0805/erase_circle/triangle/erase_the_circle_0805-183247/placement_metadata.json,0805/erase_circle/triangle/erase_the_circle_0805-183247/debug,1304854140,1280,720,30.0,833,7,45120
0805,erase_circle,erase_the_circle_0805-183402,erase the circle,circle,rectangle,top,bottom,443.5,124.5,481,414,0.9638109314088086,-6.257091645379593,1.0999295154341355,0.0980676460844297,safe_fallback,assets/rectangle/069_erase_the_rectangle_0812-134940.png,C:\Users\user\Downloads\records_0727_0813\0805\erase_the_circle_0805-183402\videos\observation.images.top\chunk-000\file-000.mp4,0805/erase_circle/rectangle/erase_the_circle_0805-183402/augmented.mp4,0805/erase_circle/rectangle/erase_the_circle_0805-183402/placement_metadata.json,0805/erase_circle/rectangle/erase_the_circle_0805-183402/debug,1433025214,1280,720,30.0,796,32716,114310
0805,erase_circle,erase_the_circle_0805-183515,erase the circle,circle,triangle,bottom,top,311.5,474.5,540,11,0.8318025074610015,2.92462473288686,1.0900337749939333,0.20871045042548106,safe_fallback,assets/triangle/094_erase_the_triangle_0812-142639.png,C:\Users\user\Downloads\records_0727_0813\0805\erase_the_circle_0805-183515\videos\observation.images.top\chunk-000\file-000.mp4,0805/erase_circle/triangle/erase_the_circle_0805-183515/augmented.mp4,0805/erase_circle/triangle/erase_the_circle_0805-183515/placement_metadata.json,0805/erase_circle/triangle/erase_the_circle_0805-183515/debug,1938501004,1280,720,30.0,757,135,48279
0805,erase_circle,erase_the_circle_0805-183623,erase the circle,circle,triangle,top,bottom,309.5,117.5,288,405,0.9813971744111369,3.0971411923320584,1.0296087929525994,0.4143483795443591,safe_fallback,assets/triangle/050_erase_the_triangle_0805-181350.png,C:\Users\user\Downloads\records_0727_0813\0805\erase_the_circle_0805-183623\videos\observation.images.top\chunk-000\file-000.mp4,0805/erase_circle/triangle/erase_the_circle_0805-183623/augmented.mp4,0805/erase_circle/triangle/erase_the_circle_0805-183623/placement_metadata.json,0805/erase_circle/triangle/erase_the_circle_0805-183623/debug,530165788,1280,720,30.0,853,13012,104000
0805,erase_circle,erase_the_circle_0805-183739,erase the circle,circle,triangle,bottom,top,567.5,477.0,565,12,0.8417566584708952,1.0403517264401252,0.9594823818892482,0.7727964686370002,safe_fallback,assets/triangle/038_erase_the_triangle_0802-143457.png,C:\Users\user\Downloads\records_0727_0813\0805\erase_the_circle_0805-183739\videos\observation.images.top\chunk-000\file-000.mp4,0805/erase_circle/triangle/erase_the_circle_0805-183739/augmented.mp4,0805/erase_circle/triangle/erase_the_circle_0805-183739/placement_metadata.json,0805/erase_circle/triangle/erase_the_circle_0805-183739/debug,783958394,1280,720,30.0,926,2,48599
0805,erase_circle,erase_the_circle_0805-184029,erase the circle,circle,rectangle,top,bottom,521.0,110.0,352,443,0.9129556244322548,5.090947593549586,1.0449507161659664,0.7286367491616734,safe_fallback,assets/rectangle/066_erase_the_rectangle_0812-134613.png,C:\Users\user\Downloads\records_0727_0813\0805\erase_the_circle_0805-184029\videos\observation.images.top\chunk-000\file-000.mp4,0805/erase_circle/rectangle/erase_the_circle_0805-184029/augmented.mp4,0805/erase_circle/rectangle/erase_the_circle_0805-184029/placement_metadata.json,0805/erase_circle/rectangle/erase_the_circle_0805-184029/debug,9534982,1280,720,30.0,697,20457,105877
0805,erase_circle,erase_the_circle_0805-184141,erase the circle,circle,triangle,bottom,top,445.0,467.5,297,11,0.8165135716574768,4.289637494867735,1.0168114525392558,0.17501236607871118,safe_fallback,assets/triangle/043_erase_the_triangle_0802-144141.png,C:\Users\user\Downloads\records_0727_0813\0805\erase_the_circle_0805-184141\videos\observation.images.top\chunk-000\file-000.mp4,0805/erase_circle/triangle/erase_the_circle_0805-184141/augmented.mp4,0805/erase_circle/triangle/erase_the_circle_0805-184141/placement_metadata.json,0805/erase_circle/triangle/erase_the_circle_0805-184141/debug,220277967,1280,720,30.0,690,12,45498
0805,erase_circle,erase_the_circle_0805-184247,erase the circle,circle,triangle,top,bottom,406.5,146.5,492,406,1.0024414533369848,6.536002211898612,0.9425322762842282,0.24694063216002426,safe_fallback,assets/triangle/007_erase_the_triangle_0727-113836.png,C:\Users\user\Downloads\records_0727_0813\0805\erase_the_circle_0805-184247\videos\observation.images.top\chunk-000\file-000.mp4,0805/erase_circle/triangle/erase_the_circle_0805-184247/augmented.mp4,0805/erase_circle/triangle/erase_the_circle_0805-184247/placement_metadata.json,0805/erase_circle/triangle/erase_the_circle_0805-184247/debug,1508194969,1280,720,30.0,795,26263,113268
0805,erase_circle,erase_the_circle_0805-184359,erase the circle,circle,rectangle,bottom,top,316.5,489.5,525,10,0.8351976201116308,2.5930476871241375,0.9521142186681504,0.37368064033133747,safe_fallback,assets/rectangle/057_erase_the_rectangle_0811-201351.png,C:\Users\user\Downloads\records_0727_0813\0805\erase_the_circle_0805-184359\videos\observation.images.top\chunk-000\file-000.mp4,0805/erase_circle/rectangle/erase_the_circle_0805-184359/augmented.mp4,0805/erase_circle/rectangle/erase_the_circle_0805-184359/placement_metadata.json,0805/erase_circle/rectangle/erase_the_circle_0805-184359/debug,301493357,1280,720,30.0,773,83,38640
0805,erase_circle,erase_the_circle_0805-184700,erase the circle,circle,rectangle,top,bottom,320.0,139.5,356,411,0.9731902238810161,-4.421107735745813,1.0352196154300173,0.7518162155566421,safe_fallback,assets/rectangle/102_erase_the_rectangle_0813-214244.png,C:\Users\user\Downloads\records_0727_0813\0805\erase_the_circle_0805-184700\videos\observation.images.top\chunk-000\file-000.mp4,0805/erase_circle/rectangle/erase_the_circle_0805-184700/augmented.mp4,0805/erase_circle/rectangle/erase_the_circle_0805-184700/placement_metadata.json,0805/erase_circle/rectangle/erase_the_circle_0805-184700/debug,717704809,1280,720,30.0,836,24441,114797
0805,erase_circle,erase_the_circle_0805-184814,erase the circle,circle,triangle,bottom,top,550.0,518.5,293,6,0.8127021602217546,-4.367103726770594,0.9737642176338924,0.7702836097493237,safe_fallback,assets/triangle/055_erase_the_triangle_0805-181925.png,C:\Users\user\Downloads\records_0727_0813\0805\erase_the_circle_0805-184814\videos\observation.images.top\chunk-000\file-000.mp4,0805/erase_circle/triangle/erase_the_circle_0805-184814/augmented.mp4,0805/erase_circle/triangle/erase_the_circle_0805-184814/placement_metadata.json,0805/erase_circle/triangle/erase_the_circle_0805-184814/debug,158294781,1280,720,30.0,704,21,55925
0805,erase_circle,erase_the_circle_0805-184920,erase the circle,circle,rectangle,top,bottom,509.5,128.0,288,405,0.9519313986907478,-2.4924636316411437,1.0283497393586003,0.47024262174659875,safe_fallback,assets/rectangle/044_erase_the_rectangle_0804-183646.png,C:\Users\user\Downloads\records_0727_0813\0805\erase_the_circle_0805-184920\videos\observation.images.top\chunk-000\file-000.mp4,0805/erase_circle/rectangle/erase_the_circle_0805-184920/augmented.mp4,0805/erase_circle/rectangle/erase_the_circle_0805-184920/placement_metadata.json,0805/erase_circle/rectangle/erase_the_circle_0805-184920/debug,577643630,1280,720,30.0,676,27162,110261
0805,erase_circle,erase_the_circle_0805-185025,erase the circle,circle,rectangle,bottom,top,438.0,544.5,294,9,0.8207384456495211,-5.600295266506789,0.9944096385508282,0.4255841329238738,safe_fallback,assets/rectangle/087_erase_the_rectangle_0813-182555.png,C:\Users\user\Downloads\records_0727_0813\0805\erase_the_circle_0805-185025\videos\observation.images.top\chunk-000\file-000.mp4,0805/erase_circle/rectangle/erase_the_circle_0805-185025/augmented.mp4,0805/erase_circle/rectangle/erase_the_circle_0805-185025/placement_metadata.json,0805/erase_circle/rectangle/erase_the_circle_0805-185025/debug,1617353709,1280,720,30.0,716,7,48177
0805,erase_circle,erase_the_circle_0805-185133,erase the circle,circle,rectangle,top,bottom,412.5,95.0,342,428,0.9276561315295399,-6.775971455052259,0.8935186716934865,0.7698646482837677,safe_fallback,assets/rectangle/002_erase_the_rectangle_0727-120407.png,C:\Users\user\Downloads\records_0727_0813\0805\erase_the_circle_0805-185133\videos\observation.images.top\chunk-000\file-000.mp4,0805/erase_circle/rectangle/erase_the_circle_0805-185133/augmented.mp4,0805/erase_circle/rectangle/erase_the_circle_0805-185133/placement_metadata.json,0805/erase_circle/rectangle/erase_the_circle_0805-185133/debug,909542343,1280,720,30.0,667,13860,104101
0805,erase_circle,erase_the_circle_0805-185457,erase the circle,circle,triangle,top,bottom,323.0,114.0,346,399,1.025623821669682,-9.805752835634955,0.9368599549330194,0.5773435585815457,safe_fallback,assets/triangle/058_erase_the_triangle_0805-182327.png,C:\Users\user\Downloads\records_0727_0813\0805\erase_the_circle_0805-185457\videos\observation.images.top\chunk-000\file-000.mp4,0805/erase_circle/triangle/erase_the_circle_0805-185457/augmented.mp4,0805/erase_circle/triangle/erase_the_circle_0805-185457/placement_metadata.json,0805/erase_circle/triangle/erase_the_circle_0805-185457/debug,771536031,1280,720,30.0,797,18747,111972
0805,erase_triangle,erase_the_triangle_0805-181350,erase the triangle,triangle,rectangle,bottom,top,356.0,486.0,288,19,0.8167401635042497,-0.5306449095719845,0.9086667290923515,0.37997145172906105,safe_fallback,assets/rectangle/040_erase_the_rectangle_0804-182952.png,C:\Users\user\Downloads\records_0727_0813\0805\erase_the_triangle_0805-181350\videos\observation.images.top\chunk-000\file-000.mp4,0805/erase_triangle/rectangle/erase_the_triangle_0805-181350/augmented.mp4,0805/erase_triangle/rectangle/erase_the_triangle_0805-181350/placement_metadata.json,0805/erase_triangle/rectangle/erase_the_triangle_0805-181350/debug,1146693068,1280,720,30.0,674,35,46712
0805,erase_triangle,erase_the_triangle_0805-181507,erase the triangle,triangle,circle,top,bottom,319.5,133.5,473,434,0.9601158240739004,-1.519805793502778,1.052438297058572,0.1938115144093212,safe_fallback,assets/circle/038_erase_the_circle_0802-134312.png,C:\Users\user\Downloads\records_0727_0813\0805\erase_the_triangle_0805-181507\videos\observation.images.top\chunk-000\file-000.mp4,0805/erase_triangle/circle/erase_the_triangle_0805-181507/augmented.mp4,0805/erase_triangle/circle/erase_the_triangle_0805-181507/placement_metadata.json,0805/erase_triangle/circle/erase_the_triangle_0805-181507/debug,568676974,1280,720,30.0,589,27625,111865
0805,erase_triangle,erase_the_triangle_0805-181611,erase the triangle,triangle,circle,bottom,top,448.0,462.0,291,11,0.9303236269523374,7.015541029657328,1.0454515147510286,0.33351625450354905,safe_fallback,assets/circle/086_erase_the_circle_0812-132727.png,C:\Users\user\Downloads\records_0727_0813\0805\erase_the_triangle_0805-181611\videos\observation.images.top\chunk-000\file-000.mp4,0805/erase_triangle/circle/erase_the_triangle_0805-181611/augmented.mp4,0805/erase_triangle/circle/erase_the_triangle_0805-181611/placement_metadata.json,0805/erase_triangle/circle/erase_the_triangle_0805-181611/debug,708591162,1280,720,30.0,760,5,50615
0805,erase_triangle,erase_the_triangle_0805-181720,erase the triangle,triangle,rectangle,top,bottom,442.5,119.0,288,456,0.9394687979617283,0.7591995404431948,1.091776458116571,0.7450753451155817,safe_fallback,assets/rectangle/028_erase_the_rectangle_0804-181404.png,C:\Users\user\Downloads\records_0727_0813\0805\erase_the_triangle_0805-181720\videos\observation.images.top\chunk-000\file-000.mp4,0805/erase_triangle/rectangle/erase_the_triangle_0805-181720/augmented.mp4,0805/erase_triangle/rectangle/erase_the_triangle_0805-181720/placement_metadata.json,0805/erase_triangle/rectangle/erase_the_triangle_0805-181720/debug,1895677442,1280,720,30.0,661,21848,99973
0805,erase_triangle,erase_the_triangle_0805-181826,erase the triangle,triangle,rectangle,bottom,top,518.0,460.5,356,13,0.8175425173171265,4.67281196479512,0.9595778816760809,0.1342112679440759,safe_fallback,assets/rectangle/032_erase_the_rectangle_0804-181955.png,C:\Users\user\Downloads\records_0727_0813\0805\erase_the_triangle_0805-181826\videos\observation.images.top\chunk-000\file-000.mp4,0805/erase_triangle/rectangle/erase_the_triangle_0805-181826/augmented.mp4,0805/erase_triangle/rectangle/erase_the_triangle_0805-181826/placement_metadata.json,0805/erase_triangle/rectangle/erase_the_triangle_0805-181826/debug,2028133241,1280,720,30.0,556,379,46290
0805,erase_triangle,erase_the_triangle_0805-181925,erase the triangle,triangle,circle,top,bottom,506.5,130.0,288,494,0.9135691921144641,-7.691593644919015,1.0509999820951772,0.520324684229458,safe_fallback,assets/circle/076_erase_the_circle_0811-212055.png,C:\Users\user\Downloads\records_0727_0813\0805\erase_the_triangle_0805-181925\videos\observation.images.top\chunk-000\file-000.mp4,0805/erase_triangle/circle/erase_the_triangle_0805-181925/augmented.mp4,0805/erase_triangle/circle/erase_the_triangle_0805-181925/placement_metadata.json,0805/erase_triangle/circle/erase_the_triangle_0805-181925/debug,214820931,1280,720,30.0,589,25767,105423
0805,erase_triangle,erase_the_triangle_0805-182031,erase the triangle,triangle,circle,bottom,top,350.0,479.0,553,1,0.5114976396090078,0.6444676799521183,1.065847315023753,0.32808945111323146,safe_fallback,assets/circle/063_erase_the_circle_0811-210132.png,C:\Users\user\Downloads\records_0727_0813\0805\erase_the_triangle_0805-182031\videos\observation.images.top\chunk-000\file-000.mp4,0805/erase_triangle/circle/erase_the_triangle_0805-182031/augmented.mp4,0805/erase_triangle/circle/erase_the_triangle_0805-182031/placement_metadata.json,0805/erase_triangle/circle/erase_the_triangle_0805-182031/debug,1079595810,1280,720,30.0,586,7,47186
0805,erase_triangle,erase_the_triangle_0805-182226,erase the triangle,triangle,rectangle,top,bottom,315.5,156.5,288,429,0.9372335026277941,-5.017323859868929,0.9588684364918665,0.24577414788541674,safe_fallback,assets/rectangle/034_erase_the_rectangle_0804-182219.png,C:\Users\user\Downloads\records_0727_0813\0805\erase_the_triangle_0805-182226\videos\observation.images.top\chunk-000\file-000.mp4,0805/erase_triangle/rectangle/erase_the_triangle_0805-182226/augmented.mp4,0805/erase_triangle/rectangle/erase_the_triangle_0805-182226/placement_metadata.json,0805/erase_triangle/rectangle/erase_the_triangle_0805-182226/debug,1203631912,1280,720,30.0,603,15073,98113
0805,erase_triangle,erase_the_triangle_0805-182327,erase the triangle,triangle,rectangle,bottom,top,442.0,485.0,306,4,0.7539892212976012,2.9656984640039568,1.0257352402516948,0.3978795566371185,safe_fallback,assets/rectangle/019_erase_the_rectangle_0727-130455.png,C:\Users\user\Downloads\records_0727_0813\0805\erase_the_triangle_0805-182327\videos\observation.images.top\chunk-000\file-000.mp4,0805/erase_triangle/rectangle/erase_the_triangle_0805-182327/augmented.mp4,0805/erase_triangle/rectangle/erase_the_triangle_0805-182327/placement_metadata.json,0805/erase_triangle/rectangle/erase_the_triangle_0805-182327/debug,1666291211,1280,720,30.0,725,66,57117
0805,erase_triangle,erase_the_triangle_0805-182433,erase the triangle,triangle,rectangle,top,bottom,424.5,103.5,468,471,1.008368785914834,-8.149449916802237,1.0699136899026254,0.42595683966158915,safe_fallback,assets/rectangle/026_erase_the_rectangle_0804-181039.png,C:\Users\user\Downloads\records_0727_0813\0805\erase_the_triangle_0805-182433\videos\observation.images.top\chunk-000\file-000.mp4,0805/erase_triangle/rectangle/erase_the_triangle_0805-182433/augmented.mp4,0805/erase_triangle/rectangle/erase_the_triangle_0805-182433/placement_metadata.json,0805/erase_triangle/rectangle/erase_the_triangle_0805-182433/debug,2105284682,1280,720,30.0,682,14771,99480
0805,erase_triangle,erase_the_triangle_0805-182811,erase the triangle,triangle,rectangle,top,bottom,531.5,110.5,333,416,0.9713698565534273,-8.803217323525715,1.0141052703508024,0.3226224215838772,safe_fallback,assets/rectangle/004_erase_the_rectangle_0727-120733.png,C:\Users\user\Downloads\records_0727_0813\0805\erase_the_triangle_0805-182811\videos\observation.images.top\chunk-000\file-000.mp4,0805/erase_triangle/rectangle/erase_the_triangle_0805-182811/augmented.mp4,0805/erase_triangle/rectangle/erase_the_triangle_0805-182811/placement_metadata.json,0805/erase_triangle/rectangle/erase_the_triangle_0805-182811/debug,494701451,1280,720,30.0,637,18962,112861
0805,erase_triangle,erase_the_triangle_0805-182918,erase the triangle,triangle,circle,bottom,top,320.0,491.0,423,4,0.8209594282989262,7.7494928624593005,0.8686617387586542,0.718877149653619,safe_fallback,assets/circle/035_erase_the_circle_0802-133505.png,C:\Users\user\Downloads\records_0727_0813\0805\erase_the_triangle_0805-182918\videos\observation.images.top\chunk-000\file-000.mp4,0805/erase_triangle/circle/erase_the_triangle_0805-182918/augmented.mp4,0805/erase_triangle/circle/erase_the_triangle_0805-182918/placement_metadata.json,0805/erase_triangle/circle/erase_the_triangle_0805-182918/debug,766594105,1280,720,30.0,633,93,48832
0805,erase_triangle,erase_the_triangle_0805-183021,erase the triangle,triangle,circle,top,bottom,315.5,134.5,512,453,0.9213919193800317,-0.23856772570015394,0.9266467418779477,0.4410523408775966,safe_fallback,assets/circle/005_erase_the_circle_0726-164049.png,C:\Users\user\Downloads\records_0727_0813\0805\erase_the_triangle_0805-183021\videos\observation.images.top\chunk-000\file-000.mp4,0805/erase_triangle/circle/erase_the_triangle_0805-183021/augmented.mp4,0805/erase_triangle/circle/erase_the_triangle_0805-183021/placement_metadata.json,0805/erase_triangle/circle/erase_the_triangle_0805-183021/debug,869414994,1280,720,30.0,720,27709,107008
0805,erase_triangle,erase_the_triangle_0805-183131,erase the triangle,triangle,circle,bottom,top,448.0,476.5,594,13,0.8259578505328767,-0.12428841372189048,0.8740769175850586,0.19008054699566623,safe_fallback,assets/circle/088_erase_the_circle_0812-132935.png,C:\Users\user\Downloads\records_0727_0813\0805\erase_the_triangle_0805-183131\videos\observation.images.top\chunk-000\file-000.mp4,0805/erase_triangle/circle/erase_the_triangle_0805-183131/augmented.mp4,0805/erase_triangle/circle/erase_the_triangle_0805-183131/placement_metadata.json,0805/erase_triangle/circle/erase_the_triangle_0805-183131/debug,254327164,1280,720,30.0,819,32,46976
0811,erase_circle,erase_the_circle_0811-210132,erase the circle,circle,triangle,bottom,top,592.5,473.5,288,34,0.8092010004526924,2.6115311160002523,0.8867233713061761,0.13135819951718758,safe_fallback,assets/triangle/024_erase_the_triangle_0802-140614.png,C:\Users\user\Downloads\records_0727_0813\0811\erase_the_circle_0811-210132\videos\observation.images.top\chunk-000\file-000.mp4,0811/erase_circle/triangle/erase_the_circle_0811-210132/augmented.mp4,0811/erase_circle/triangle/erase_the_circle_0811-210132/placement_metadata.json,0811/erase_circle/triangle/erase_the_circle_0811-210132/debug,690566571,1280,720,30.0,688,2301,64516
0811,erase_circle,erase_the_circle_0811-210236,erase the circle,circle,rectangle,top,bottom,590.5,114.5,342,394,0.9586270616314247,-8.338992699854465,1.0626870386419907,0.4456533063706881,safe_fallback,assets/rectangle/064_erase_the_rectangle_0812-134407.png,C:\Users\user\Downloads\records_0727_0813\0811\erase_the_circle_0811-210236\videos\observation.images.top\chunk-000\file-000.mp4,0811/erase_circle/rectangle/erase_the_circle_0811-210236/augmented.mp4,0811/erase_circle/rectangle/erase_the_circle_0811-210236/placement_metadata.json,0811/erase_circle/rectangle/erase_the_circle_0811-210236/debug,1544655935,1280,720,30.0,675,28511,115972
0811,erase_circle,erase_the_circle_0811-210340,erase the circle,circle,triangle,top,bottom,343.5,122.5,288,472,0.9079244034936802,-1.9116230121253004,0.8833512883893172,0.32191775515342463,safe_fallback,assets/triangle/077_erase_the_triangle_0811-204916.png,C:\Users\user\Downloads\records_0727_0813\0811\erase_the_circle_0811-210340\videos\observation.images.top\chunk-000\file-000.mp4,0811/erase_circle/triangle/erase_the_circle_0811-210340/augmented.mp4,0811/erase_circle/triangle/erase_the_circle_0811-210340/placement_metadata.json,0811/erase_circle/triangle/erase_the_circle_0811-210340/debug,137948178,1280,720,30.0,772,17020,112921
0811,erase_circle,erase_the_circle_0811-210449,erase the circle,circle,triangle,bottom,top,375.5,492.0,293,12,0.8185130542701836,3.2185698828226474,1.0022342888837372,0.09772707561332519,safe_fallback,assets/triangle/097_erase_the_triangle_0812-142935.png,C:\Users\user\Downloads\records_0727_0813\0811\erase_the_circle_0811-210449\videos\observation.images.top\chunk-000\file-000.mp4,0811/erase_circle/triangle/erase_the_circle_0811-210449/augmented.mp4,0811/erase_circle/triangle/erase_the_circle_0811-210449/placement_metadata.json,0811/erase_circle/triangle/erase_the_circle_0811-210449/debug,1016774974,1280,720,30.0,660,193,57779
0811,erase_circle,erase_the_circle_0811-210646,erase the circle,circle,triangle,bottom,top,588.5,457.0,293,3,1.040487546575921,-8.783034073968835,0.9236806795593542,0.22373316149425718,safe_fallback,assets/triangle/022_erase_the_triangle_0802-140354.png,C:\Users\user\Downloads\records_0727_0813\0811\erase_the_circle_0811-210646\videos\observation.images.top\chunk-000\file-000.mp4,0811/erase_circle/triangle/erase_the_circle_0811-210646/augmented.mp4,0811/erase_circle/triangle/erase_the_circle_0811-210646/placement_metadata.json,0811/erase_circle/triangle/erase_the_circle_0811-210646/debug,1938710881,1280,720,30.0,760,36,65136
0811,erase_circle,erase_the_circle_0811-210755,erase the circle,circle,triangle,top,bottom,561.0,150.0,501,449,0.9895794270365119,1.2177117941138924,0.870407771982694,0.6964194573245759,safe_fallback,assets/triangle/008_erase_the_triangle_0727-113957.png,C:\Users\user\Downloads\records_0727_0813\0811\erase_the_circle_0811-210755\videos\observation.images.top\chunk-000\file-000.mp4,0811/erase_circle/triangle/erase_the_circle_0811-210755/augmented.mp4,0811/erase_circle/triangle/erase_the_circle_0811-210755/placement_metadata.json,0811/erase_circle/triangle/erase_the_circle_0811-210755/debug,606138972,1280,720,30.0,710,29044,110131
0811,erase_circle,erase_the_circle_0811-210901,erase the circle,circle,triangle,top,bottom,341.5,131.5,288,403,0.9112993477995053,-0.7356637713027716,0.8638088844693864,0.19809089017084008,safe_fallback,assets/triangle/056_erase_the_triangle_0805-182031.png,C:\Users\user\Downloads\records_0727_0813\0811\erase_the_circle_0811-210901\videos\observation.images.top\chunk-000\file-000.mp4,0811/erase_circle/triangle/erase_the_circle_0811-210901/augmented.mp4,0811/erase_circle/triangle/erase_the_circle_0811-210901/placement_metadata.json,0811/erase_circle/triangle/erase_the_circle_0811-210901/debug,152444843,1280,720,30.0,734,28632,112983
0811,erase_circle,erase_the_circle_0811-211009,erase the circle,circle,rectangle,bottom,top,381.5,508.5,352,14,0.8265633905144638,5.411323356721933,0.9061282636301298,0.19078810446705977,safe_fallback,assets/rectangle/037_erase_the_rectangle_0804-182535.png,C:\Users\user\Downloads\records_0727_0813\0811\erase_the_circle_0811-211009\videos\observation.images.top\chunk-000\file-000.mp4,0811/erase_circle/rectangle/erase_the_circle_0811-211009/augmented.mp4,0811/erase_circle/rectangle/erase_the_circle_0811-211009/placement_metadata.json,0811/erase_circle/rectangle/erase_the_circle_0811-211009/debug,243235305,1280,720,30.0,702,797,55314
0811,erase_circle,erase_the_circle_0811-211403,erase the circle,circle,rectangle,top,bottom,335.5,108.0,288,406,1.0016643801830183,1.967706258037671,0.8650443540179563,0.19278883826434115,safe_fallback,assets/rectangle/059_erase_the_rectangle_0811-201631.png,C:\Users\user\Downloads\records_0727_0813\0811\erase_the_circle_0811-211403\videos\observation.images.top\chunk-000\file-000.mp4,0811/erase_circle/rectangle/erase_the_circle_0811-211403/augmented.mp4,0811/erase_circle/rectangle/erase_the_circle_0811-211403/placement_metadata.json,0811/erase_circle/rectangle/erase_the_circle_0811-211403/debug,1197311490,1280,720,30.0,719,22747,109570
0811,erase_circle,erase_the_circle_0811-211510,erase the circle,circle,triangle,bottom,top,354.0,579.0,288,19,0.8076589255393678,0.04124824230902746,1.0374797258631574,0.22411961228615374,safe_fallback,assets/triangle/040_erase_the_triangle_0802-143708.png,C:\Users\user\Downloads\records_0727_0813\0811\erase_the_circle_0811-211510\videos\observation.images.top\chunk-000\file-000.mp4,0811/erase_circle/triangle/erase_the_circle_0811-211510/augmented.mp4,0811/erase_circle/triangle/erase_the_circle_0811-211510/placement_metadata.json,0811/erase_circle/triangle/erase_the_circle_0811-211510/debug,1676377144,1280,720,30.0,808,130,48903
0811,erase_circle,erase_the_circle_0811-211620,erase the circle,circle,rectangle,bottom,top,580.5,564.0,330,15,0.8491534969458183,-0.7663377840138086,0.9285628868328679,0.06405512717842266,safe_fallback,assets/rectangle/017_erase_the_rectangle_0727-130220.png,C:\Users\user\Downloads\records_0727_0813\0811\erase_the_circle_0811-211620\videos\observation.images.top\chunk-000\file-000.mp4,0811/erase_circle/rectangle/erase_the_circle_0811-211620/augmented.mp4,0811/erase_circle/rectangle/erase_the_circle_0811-211620/placement_metadata.json,0811/erase_circle/rectangle/erase_the_circle_0811-211620/debug,1822642441,1280,720,30.0,799,195,53720
0811,erase_circle,erase_the_circle_0811-211826,erase the circle,circle,triangle,top,bottom,581.0,92.0,339,412,0.9374891394003766,-9.818363912417388,0.9778146318337979,0.32909993207016836,safe_fallback,assets/triangle/084_erase_the_triangle_0812-141238.png,C:\Users\user\Downloads\records_0727_0813\0811\erase_the_circle_0811-211826\videos\observation.images.top\chunk-000\file-000.mp4,0811/erase_circle/triangle/erase_the_circle_0811-211826/augmented.mp4,0811/erase_circle/triangle/erase_the_circle_0811-211826/placement_metadata.json,0811/erase_circle/triangle/erase_the_circle_0811-211826/debug,405056502,1280,720,30.0,1090,22017,106423
0811,erase_circle,erase_the_circle_0811-211952,erase the circle,circle,triangle,top,bottom,335.5,103.5,484,411,1.0,0.0,1.0,0.0,source_position,assets/triangle/104_erase_the_triangle_0813-213328.png,C:\Users\user\Downloads\records_0727_0813\0811\erase_the_circle_0811-211952\videos\observation.images.top\chunk-000\file-000.mp4,0811/erase_circle/triangle/erase_the_circle_0811-211952/augmented.mp4,0811/erase_circle/triangle/erase_the_circle_0811-211952/placement_metadata.json,0811/erase_circle/triangle/erase_the_circle_0811-211952/debug,1698245922,1280,720,30.0,672,32445,115570
0811,erase_circle,erase_the_circle_0811-212055,erase the circle,circle,rectangle,bottom,top,349.0,572.0,311,18,0.9139282844568534,4.480152974889711,1.0070724759943206,0.6776028629655653,safe_fallback,assets/rectangle/047_erase_the_rectangle_0811-195837.png,C:\Users\user\Downloads\records_0727_0813\0811\erase_the_circle_0811-212055\videos\observation.images.top\chunk-000\file-000.mp4,0811/erase_circle/rectangle/erase_the_circle_0811-212055/augmented.mp4,0811/erase_circle/rectangle/erase_the_circle_0811-212055/placement_metadata.json,0811/erase_circle/rectangle/erase_the_circle_0811-212055/debug,106546196,1280,720,30.0,793,181,53111
0811,erase_circle,erase_the_circle_0811-212311,erase the circle,circle,rectangle,bottom,top,560.0,569.0,288,11,0.8229781680027487,-4.447576366434868,1.0506630098656438,0.7447345440199968,safe_fallback,assets/rectangle/023_erase_the_rectangle_0804-180705.png,C:\Users\user\Downloads\records_0727_0813\0811\erase_the_circle_0811-212311\videos\observation.images.top\chunk-000\file-000.mp4,0811/erase_circle/rectangle/erase_the_circle_0811-212311/augmented.mp4,0811/erase_circle/rectangle/erase_the_circle_0811-212311/placement_metadata.json,0811/erase_circle/rectangle/erase_the_circle_0811-212311/debug,1804895564,1280,720,30.0,732,16,57888
0811,erase_circle,erase_the_circle_0811-212601,erase the circle,circle,triangle,top,bottom,561.5,100.5,344,417,0.9025209788272708,1.0310965652479336,1.0772376313974714,0.2647865560057549,safe_fallback,assets/triangle/083_erase_the_triangle_0812-141140.png,C:\Users\user\Downloads\records_0727_0813\0811\erase_the_circle_0811-212601\videos\observation.images.top\chunk-000\file-000.mp4,0811/erase_circle/triangle/erase_the_circle_0811-212601/augmented.mp4,0811/erase_circle/triangle/erase_the_circle_0811-212601/placement_metadata.json,0811/erase_circle/triangle/erase_the_circle_0811-212601/debug,1736301400,1280,720,30.0,763,27468,110441
0811,erase_rectangle,erase_the_rectangle_0811-195837,erase the rectangle,rectangle,circle,top,bottom,512.0,138.5,466,429,1.0,0.0,1.0,0.0,source_position,assets/circle/058_erase_the_circle_0805-184814.png,C:\Users\user\Downloads\records_0727_0813\0811\erase_the_rectangle_0811-195837\videos\observation.images.top\chunk-000\file-000.mp4,0811/erase_rectangle/circle/erase_the_rectangle_0811-195837/augmented.mp4,0811/erase_rectangle/circle/erase_the_rectangle_0811-195837/placement_metadata.json,0811/erase_rectangle/circle/erase_the_rectangle_0811-195837/debug,718213688,1280,720,30.0,878,23227,116692
0811,erase_rectangle,erase_the_rectangle_0811-195957,erase the rectangle,rectangle,circle,top,bottom,338.0,128.0,333,399,0.9587720316420826,5.723853676696148,1.094516459239665,0.144045532258367,safe_fallback,assets/circle/041_erase_the_circle_0802-135317.png,C:\Users\user\Downloads\records_0727_0813\0811\erase_the_rectangle_0811-195957\videos\observation.images.top\chunk-000\file-000.mp4,0811/erase_rectangle/circle/erase_the_rectangle_0811-195957/augmented.mp4,0811/erase_rectangle/circle/erase_the_rectangle_0811-195957/placement_metadata.json,0811/erase_rectangle/circle/erase_the_rectangle_0811-195957/debug,1582238186,1280,720,30.0,1019,29385,115075
0811,erase_rectangle,erase_the_rectangle_0811-200158,erase the rectangle,rectangle,circle,bottom,top,404.0,460.5,368,11,0.933748888684821,-6.67574807310314,1.0542019148329453,0.12480986162182504,safe_fallback,assets/circle/024_erase_the_circle_0802-131058.png,C:\Users\user\Downloads\records_0727_0813\0811\erase_the_rectangle_0811-200158\videos\observation.images.top\chunk-000\file-000.mp4,0811/erase_rectangle/circle/erase_the_rectangle_0811-200158/augmented.mp4,0811/erase_rectangle/circle/erase_the_rectangle_0811-200158/placement_metadata.json,0811/erase_rectangle/circle/erase_the_rectangle_0811-200158/debug,2035096964,1280,720,30.0,971,429,61406
0811,erase_rectangle,erase_the_rectangle_0811-200322,erase the rectangle,rectangle,circle,bottom,top,568.5,450.0,288,10,0.9526318303603449,-7.698093166216391,1.024021086857538,0.7315007873578019,safe_fallback,assets/circle/031_erase_the_circle_0802-132838.png,C:\Users\user\Downloads\records_0727_0813\0811\erase_the_rectangle_0811-200322\videos\observation.images.top\chunk-000\file-000.mp4,0811/erase_rectangle/circle/erase_the_rectangle_0811-200322/augmented.mp4,0811/erase_rectangle/circle/erase_the_rectangle_0811-200322/placement_metadata.json,0811/erase_rectangle/circle/erase_the_rectangle_0811-200322/debug,1837126996,1280,720,30.0,868,1,63821
0811,erase_rectangle,erase_the_rectangle_0811-200442,erase the rectangle,rectangle,circle,bottom,top,410.0,479.5,311,13,0.9247980971037357,-6.2718363501857315,1.0502403356146046,0.00012189538781912646,safe_fallback,assets/circle/011_erase_the_circle_0726-170001.png,C:\Users\user\Downloads\records_0727_0813\0811\erase_the_rectangle_0811-200442\videos\observation.images.top\chunk-000\file-000.mp4,0811/erase_rectangle/circle/erase_the_rectangle_0811-200442/augmented.mp4,0811/erase_rectangle/circle/erase_the_rectangle_0811-200442/placement_metadata.json,0811/erase_rectangle/circle/erase_the_rectangle_0811-200442/debug,879448123,1280,720,30.0,883,96,57990
0811,erase_rectangle,erase_the_rectangle_0811-200557,erase the rectangle,rectangle,triangle,bottom,top,574.5,464.5,288,25,0.9298378071593318,3.3124708446801083,0.9550294655467725,0.7996443005644147,safe_fallback,assets/triangle/047_erase_the_triangle_0802-144629.png,C:\Users\user\Downloads\records_0727_0813\0811\erase_the_rectangle_0811-200557\videos\observation.images.top\chunk-000\file-000.mp4,0811/erase_rectangle/triangle/erase_the_rectangle_0811-200557/augmented.mp4,0811/erase_rectangle/triangle/erase_the_rectangle_0811-200557/placement_metadata.json,0811/erase_rectangle/triangle/erase_the_rectangle_0811-200557/debug,883945873,1280,720,30.0,881,37,69509
0811,erase_rectangle,erase_the_rectangle_0811-200713,erase the rectangle,rectangle,triangle,top,bottom,562.0,144.0,288,490,0.9258486019066431,5.176566520589702,0.872577622980352,0.2800164054387156,safe_fallback,assets/triangle/073_erase_the_triangle_0811-204101.png,C:\Users\user\Downloads\records_0727_0813\0811\erase_the_rectangle_0811-200713\videos\observation.images.top\chunk-000\file-000.mp4,0811/erase_rectangle/triangle/erase_the_rectangle_0811-200713/augmented.mp4,0811/erase_rectangle/triangle/erase_the_rectangle_0811-200713/placement_metadata.json,0811/erase_rectangle/triangle/erase_the_rectangle_0811-200713/debug,2054569680,1280,720,30.0,867,21182,107849
0811,erase_rectangle,erase_the_rectangle_0811-200827,erase the rectangle,rectangle,triangle,top,bottom,360.0,139.5,347,424,0.9126308105083649,-1.0397077524059597,0.9704217885491817,0.14740339589786774,safe_fallback,assets/triangle/080_erase_the_triangle_0812-140840.png,C:\Users\user\Downloads\records_0727_0813\0811\erase_the_rectangle_0811-200827\videos\observation.images.top\chunk-000\file-000.mp4,0811/erase_rectangle/triangle/erase_the_rectangle_0811-200827/augmented.mp4,0811/erase_rectangle/triangle/erase_the_rectangle_0811-200827/placement_metadata.json,0811/erase_rectangle/triangle/erase_the_rectangle_0811-200827/debug,662011207,1280,720,30.0,868,22619,109853
0811,erase_rectangle,erase_the_rectangle_0811-200954,erase the rectangle,rectangle,circle,bottom,top,368.0,473.5,344,11,0.8317903827819381,5.446424582662139,0.8866003709750255,0.10183901501035564,safe_fallback,assets/circle/016_erase_the_circle_0727-111340.png,C:\Users\user\Downloads\records_0727_0813\0811\erase_the_rectangle_0811-200954\videos\observation.images.top\chunk-000\file-000.mp4,0811/erase_rectangle/circle/erase_the_rectangle_0811-200954/augmented.mp4,0811/erase_rectangle/circle/erase_the_rectangle_0811-200954/placement_metadata.json,0811/erase_rectangle/circle/erase_the_rectangle_0811-200954/debug,1289447926,1280,720,30.0,689,849,61637
0811,erase_rectangle,erase_the_rectangle_0811-201149,erase the rectangle,rectangle,triangle,bottom,top,559.5,474.0,288,21,0.9084626338501745,-3.004324772138731,1.0409061103883144,0.5445173657523547,safe_fallback,assets/triangle/030_erase_the_triangle_0802-142006.png,C:\Users\user\Downloads\records_0727_0813\0811\erase_the_rectangle_0811-201149\videos\observation.images.top\chunk-000\file-000.mp4,0811/erase_rectangle/triangle/erase_the_rectangle_0811-201149/augmented.mp4,0811/erase_rectangle/triangle/erase_the_rectangle_0811-201149/placement_metadata.json,0811/erase_rectangle/triangle/erase_the_rectangle_0811-201149/debug,1041608048,1280,720,30.0,751,28,61477
0811,erase_rectangle,erase_the_rectangle_0811-201351,erase the rectangle,rectangle,circle,top,bottom,556.0,108.5,355,406,0.9145956075105023,-4.967957966076389,1.0056481416507779,0.006330525425828882,safe_fallback,assets/circle/045_erase_the_circle_0802-135912.png,C:\Users\user\Downloads\records_0727_0813\0811\erase_the_rectangle_0811-201351\videos\observation.images.top\chunk-000\file-000.mp4,0811/erase_rectangle/circle/erase_the_rectangle_0811-201351/augmented.mp4,0811/erase_rectangle/circle/erase_the_rectangle_0811-201351/placement_metadata.json,0811/erase_rectangle/circle/erase_the_rectangle_0811-201351/debug,466089999,1280,720,30.0,910,27268,112691
0811,erase_rectangle,erase_the_rectangle_0811-201513,erase the rectangle,rectangle,circle,top,bottom,339.5,127.0,288,507,0.9700053755128835,5.645983619047323,0.8851829064299439,0.08319107538870157,safe_fallback,assets/circle/072_erase_the_circle_0811-211510.png,C:\Users\user\Downloads\records_0727_0813\0811\erase_the_rectangle_0811-201513\videos\observation.images.top\chunk-000\file-000.mp4,0811/erase_rectangle/circle/erase_the_rectangle_0811-201513/augmented.mp4,0811/erase_rectangle/circle/erase_the_rectangle_0811-201513/placement_metadata.json,0811/erase_rectangle/circle/erase_the_rectangle_0811-201513/debug,1871866722,1280,720,30.0,854,35619,114763
0811,erase_rectangle,erase_the_rectangle_0811-201631,erase the rectangle,rectangle,triangle,bottom,top,353.0,478.0,288,5,0.8219887442076502,-5.3212026300656525,0.973447123131111,0.2729987494877686,safe_fallback,assets/triangle/076_erase_the_triangle_0811-204807.png,C:\Users\user\Downloads\records_0727_0813\0811\erase_the_rectangle_0811-201631\videos\observation.images.top\chunk-000\file-000.mp4,0811/erase_rectangle/triangle/erase_the_rectangle_0811-201631/augmented.mp4,0811/erase_rectangle/triangle/erase_the_rectangle_0811-201631/placement_metadata.json,0811/erase_rectangle/triangle/erase_the_rectangle_0811-201631/debug,499152087,1280,720,30.0,851,9,60130
0811,erase_rectangle,erase_the_rectangle_0811-201750,erase the rectangle,rectangle,triangle,bottom,top,560.0,473.0,354,8,0.8313138830149701,-6.239488545418121,1.0963834081470185,0.6481453793349923,safe_fallback,assets/triangle/098_erase_the_triangle_0812-143034.png,C:\Users\user\Downloads\records_0727_0813\0811\erase_the_rectangle_0811-201750\videos\observation.images.top\chunk-000\file-000.mp4,0811/erase_rectangle/triangle/erase_the_rectangle_0811-201750/augmented.mp4,0811/erase_rectangle/triangle/erase_the_rectangle_0811-201750/placement_metadata.json,0811/erase_rectangle/triangle/erase_the_rectangle_0811-201750/debug,186898703,1280,720,30.0,685,1253,65287
0811,erase_rectangle,erase_the_rectangle_0811-201909,erase the rectangle,rectangle,triangle,top,bottom,561.0,124.0,512,482,0.9327760521666417,-8.160761451442049,1.0161199642839294,0.6886542932183074,safe_fallback,assets/triangle/066_erase_the_triangle_0811-202925.png,C:\Users\user\Downloads\records_0727_0813\0811\erase_the_rectangle_0811-201909\videos\observation.images.top\chunk-000\file-000.mp4,0811/erase_rectangle/triangle/erase_the_rectangle_0811-201909/augmented.mp4,0811/erase_rectangle/triangle/erase_the_rectangle_0811-201909/placement_metadata.json,0811/erase_rectangle/triangle/erase_the_rectangle_0811-201909/debug,503605527,1280,720,30.0,835,16239,105544
0811,erase_rectangle,erase_the_rectangle_0811-202035,erase the rectangle,rectangle,triangle,top,bottom,344.5,125.0,328,391,1.099015527328312,-8.962113928275276,1.0135922258040917,0.21506044125109397,safe_fallback,assets/triangle/081_erase_the_triangle_0812-140937.png,C:\Users\user\Downloads\records_0727_0813\0811\erase_the_rectangle_0811-202035\videos\observation.images.top\chunk-000\file-000.mp4,0811/erase_rectangle/triangle/erase_the_rectangle_0811-202035/augmented.mp4,0811/erase_rectangle/triangle/erase_the_rectangle_0811-202035/placement_metadata.json,0811/erase_rectangle/triangle/erase_the_rectangle_0811-202035/debug,1386810891,1280,720,30.0,838,19064,113260
0811,erase_triangle,erase_the_triangle_0811-202529,erase the triangle,triangle,circle,top,bottom,320.0,124.5,350,412,0.999380079905572,-0.7949681853364883,0.8561416689007607,0.7030194937527666,safe_fallback,assets/circle/003_erase_the_circle_0726-163611.png,C:\Users\user\Downloads\records_0727_0813\0811\erase_the_triangle_0811-202529\videos\observation.images.top\chunk-000\file-000.mp4,0811/erase_triangle/circle/erase_the_triangle_0811-202529/augmented.mp4,0811/erase_triangle/circle/erase_the_triangle_0811-202529/placement_metadata.json,0811/erase_triangle/circle/erase_the_triangle_0811-202529/debug,1665911471,1280,720,30.0,1171,23700,107028
0811,erase_triangle,erase_the_triangle_0811-202700,erase the triangle,triangle,circle,bottom,top,336.5,510.5,288,16,0.9184314252104752,-5.613738356123119,1.0289514323334898,0.13423001809459575,safe_fallback,assets/circle/026_erase_the_circle_0802-131420.png,C:\Users\user\Downloads\records_0727_0813\0811\erase_the_triangle_0811-202700\videos\observation.images.top\chunk-000\file-000.mp4,0811/erase_triangle/circle/erase_the_triangle_0811-202700/augmented.mp4,0811/erase_triangle/circle/erase_the_triangle_0811-202700/placement_metadata.json,0811/erase_triangle/circle/erase_the_triangle_0811-202700/debug,1565369467,1280,720,30.0,1099,12,54041
0811,erase_triangle,erase_the_triangle_0811-202925,erase the triangle,triangle,circle,bottom,top,601.5,562.5,288,17,0.9266175657901649,4.254665846158737,1.0346019135820683,0.14212615189451025,safe_fallback,assets/circle/047_erase_the_circle_0802-145406.png,C:\Users\user\Downloads\records_0727_0813\0811\erase_the_triangle_0811-202925\videos\observation.images.top\chunk-000\file-000.mp4,0811/erase_triangle/circle/erase_the_triangle_0811-202925/augmented.mp4,0811/erase_triangle/circle/erase_the_triangle_0811-202925/placement_metadata.json,0811/erase_triangle/circle/erase_the_triangle_0811-202925/debug,1946714251,1280,720,30.0,1149,6,53469
0811,erase_triangle,erase_the_triangle_0811-203202,erase the triangle,triangle,rectangle,top,bottom,596.0,108.5,327,417,0.9916602817761817,6.3819801567462875,0.9099371737416329,0.770985822327849,safe_fallback,assets/rectangle/063_erase_the_rectangle_0812-134309.png,C:\Users\user\Downloads\records_0727_0813\0811\erase_the_triangle_0811-203202\videos\observation.images.top\chunk-000\file-000.mp4,0811/erase_triangle/rectangle/erase_the_triangle_0811-203202/augmented.mp4,0811/erase_triangle/rectangle/erase_the_triangle_0811-203202/placement_metadata.json,0811/erase_triangle/rectangle/erase_the_triangle_0811-203202/debug,627136537,1280,720,30.0,859,20339,107748
0811,erase_triangle,erase_the_triangle_0811-203405,erase the triangle,triangle,circle,top,bottom,331.5,96.5,340,406,1.0083921276925314,-4.81159083474801,0.90788402242909,0.49188320805268476,safe_fallback,assets/circle/021_erase_the_circle_0802-130542.png,C:\Users\user\Downloads\records_0727_0813\0811\erase_the_triangle_0811-203405\videos\observation.images.top\chunk-000\file-000.mp4,0811/erase_triangle/circle/erase_the_triangle_0811-203405/augmented.mp4,0811/erase_triangle/circle/erase_the_triangle_0811-203405/placement_metadata.json,0811/erase_triangle/circle/erase_the_triangle_0811-203405/debug,1674064101,1280,720,30.0,991,24075,107186
0811,erase_triangle,erase_the_triangle_0811-203528,erase the triangle,triangle,rectangle,bottom,top,356.5,572.0,288,28,0.9515744736348516,8.310083615525453,1.0020428511213602,0.4206506175556355,safe_fallback,assets/rectangle/089_erase_the_rectangle_0813-183401.png,C:\Users\user\Downloads\records_0727_0813\0811\erase_the_triangle_0811-203528\videos\observation.images.top\chunk-000\file-000.mp4,0811/erase_triangle/rectangle/erase_the_triangle_0811-203528/augmented.mp4,0811/erase_triangle/rectangle/erase_the_triangle_0811-203528/placement_metadata.json,0811/erase_triangle/rectangle/erase_the_triangle_0811-203528/debug,985504337,1280,720,30.0,833,93,62328
0811,erase_triangle,erase_the_triangle_0811-203709,erase the triangle,triangle,circle,bottom,top,605.0,567.0,303,12,0.9293621695645314,-6.749883191720789,1.098944070902814,0.4167337376470897,safe_fallback,assets/circle/044_erase_the_circle_0802-135800.png,C:\Users\user\Downloads\records_0727_0813\0811\erase_the_triangle_0811-203709\videos\observation.images.top\chunk-000\file-000.mp4,0811/erase_triangle/circle/erase_the_triangle_0811-203709/augmented.mp4,0811/erase_triangle/circle/erase_the_triangle_0811-203709/placement_metadata.json,0811/erase_triangle/circle/erase_the_triangle_0811-203709/debug,1192032671,1280,720,30.0,881,73,70171
0811,erase_triangle,erase_the_triangle_0811-203823,erase the triangle,triangle,circle,top,bottom,596.5,103.5,344,408,0.9298025168156068,-7.76151991013688,0.9668345088848169,0.34954462507659356,safe_fallback,assets/circle/054_erase_the_circle_0805-184141.png,C:\Users\user\Downloads\records_0727_0813\0811\erase_the_triangle_0811-203823\videos\observation.images.top\chunk-000\file-000.mp4,0811/erase_triangle/circle/erase_the_triangle_0811-203823/augmented.mp4,0811/erase_triangle/circle/erase_the_triangle_0811-203823/placement_metadata.json,0811/erase_triangle/circle/erase_the_triangle_0811-203823/debug,12133536,1280,720,30.0,805,23689,108977
0811,erase_triangle,erase_the_triangle_0811-203934,erase the triangle,triangle,rectangle,top,bottom,344.0,93.0,371,406,0.9092316316821704,-4.048736753538551,0.9961012896451711,0.20698014610060103,safe_fallback,assets/rectangle/036_erase_the_rectangle_0804-182432.png,C:\Users\user\Downloads\records_0727_0813\0811\erase_the_triangle_0811-203934\videos\observation.images.top\chunk-000\file-000.mp4,0811/erase_triangle/rectangle/erase_the_triangle_0811-203934/augmented.mp4,0811/erase_triangle/rectangle/erase_the_triangle_0811-203934/placement_metadata.json,0811/erase_triangle/rectangle/erase_the_triangle_0811-203934/debug,1097708618,1280,720,30.0,977,19664,113609
0811,erase_triangle,erase_the_triangle_0811-204101,erase the triangle,triangle,rectangle,bottom,top,336.5,577.0,289,17,0.9271732229259929,-5.238822203631235,0.8645581251328424,0.08977774650252296,safe_fallback,assets/rectangle/094_erase_the_rectangle_0813-184458.png,C:\Users\user\Downloads\records_0727_0813\0811\erase_the_triangle_0811-204101\videos\observation.images.top\chunk-000\file-000.mp4,0811/erase_triangle/rectangle/erase_the_triangle_0811-204101/augmented.mp4,0811/erase_triangle/rectangle/erase_the_triangle_0811-204101/placement_metadata.json,0811/erase_triangle/rectangle/erase_the_triangle_0811-204101/debug,1003109556,1280,720,30.0,910,14,49589
0811,erase_triangle,erase_the_triangle_0811-204219,erase the triangle,triangle,circle,bottom,top,594.5,585.5,288,31,0.9450148676058364,5.339821983078142,1.032397399541982,0.3153698240126497,safe_fallback,assets/circle/025_erase_the_circle_0802-131216.png,C:\Users\user\Downloads\records_0727_0813\0811\erase_the_triangle_0811-204219\videos\observation.images.top\chunk-000\file-000.mp4,0811/erase_triangle/circle/erase_the_triangle_0811-204219/augmented.mp4,0811/erase_triangle/circle/erase_the_triangle_0811-204219/placement_metadata.json,0811/erase_triangle/circle/erase_the_triangle_0811-204219/debug,1741458476,1280,720,30.0,982,264,60635
0811,erase_triangle,erase_the_triangle_0811-204351,erase the triangle,triangle,rectangle,top,bottom,557.5,95.5,288,399,0.9419793616084529,-2.130975154286105,0.8610831712999547,0.37386938980845646,safe_fallback,assets/rectangle/097_erase_the_rectangle_0813-185137.png,C:\Users\user\Downloads\records_0727_0813\0811\erase_the_triangle_0811-204351\videos\observation.images.top\chunk-000\file-000.mp4,0811/erase_triangle/rectangle/erase_the_triangle_0811-204351/augmented.mp4,0811/erase_triangle/rectangle/erase_the_triangle_0811-204351/placement_metadata.json,0811/erase_triangle/rectangle/erase_the_triangle_0811-204351/debug,2045672491,1280,720,30.0,1062,23006,108571
0811,erase_triangle,erase_the_triangle_0811-204807,erase the triangle,triangle,rectangle,top,bottom,331.5,114.5,488,427,0.911315898194252,-8.348535576847052,1.0432096845793852,0.33181586348199793,safe_fallback,assets/rectangle/060_erase_the_rectangle_0811-201750.png,C:\Users\user\Downloads\records_0727_0813\0811\erase_the_triangle_0811-204807\videos\observation.images.top\chunk-000\file-000.mp4,0811/erase_triangle/rectangle/erase_the_triangle_0811-204807/augmented.mp4,0811/erase_triangle/rectangle/erase_the_triangle_0811-204807/placement_metadata.json,0811/erase_triangle/rectangle/erase_the_triangle_0811-204807/debug,1524431294,1280,720,30.0,769,31129,111187
0811,erase_triangle,erase_the_triangle_0811-204916,erase the triangle,triangle,rectangle,bottom,top,350.0,564.0,293,20,0.8527602893964343,2.66322581143479,0.9651518361708736,0.6904598282309511,safe_fallback,assets/rectangle/052_erase_the_rectangle_0811-200557.png,C:\Users\user\Downloads\records_0727_0813\0811\erase_the_triangle_0811-204916\videos\observation.images.top\chunk-000\file-000.mp4,0811/erase_triangle/rectangle/erase_the_triangle_0811-204916/augmented.mp4,0811/erase_triangle/rectangle/erase_the_triangle_0811-204916/placement_metadata.json,0811/erase_triangle/rectangle/erase_the_triangle_0811-204916/debug,729575838,1280,720,30.0,976,151,44856
0811,erase_triangle,erase_the_triangle_0811-205231,erase the triangle,triangle,circle,bottom,top,593.5,574.5,300,18,0.9295991036816161,-4.904834639445951,0.8813508315559505,0.5292830717137288,safe_fallback,assets/circle/023_erase_the_circle_0802-130939.png,C:\Users\user\Downloads\records_0727_0813\0811\erase_the_triangle_0811-205231\videos\observation.images.top\chunk-000\file-000.mp4,0811/erase_triangle/circle/erase_the_triangle_0811-205231/augmented.mp4,0811/erase_triangle/circle/erase_the_triangle_0811-205231/placement_metadata.json,0811/erase_triangle/circle/erase_the_triangle_0811-205231/debug,1840207997,1280,720,30.0,1049,75,47143
0811,erase_triangle,erase_the_triangle_0811-205711,erase the triangle,triangle,circle,top,bottom,549.0,109.5,437,419,0.9188153379582287,-8.46406522638826,0.8840935690713801,0.34327559924525775,safe_fallback,assets/circle/043_erase_the_circle_0802-135558.png,C:\Users\user\Downloads\records_0727_0813\0811\erase_the_triangle_0811-205711\videos\observation.images.top\chunk-000\file-000.mp4,0811/erase_triangle/circle/erase_the_triangle_0811-205711/augmented.mp4,0811/erase_triangle/circle/erase_the_triangle_0811-205711/placement_metadata.json,0811/erase_triangle/circle/erase_the_triangle_0811-205711/debug,1481752294,1280,720,30.0,945,29007,118769
0812,erase_circle,erase_the_circle_0812-131127,erase the circle,circle,rectangle,top,bottom,444.0,108.0,347,418,0.9203122402697178,7.601585043874405,0.8656817111418434,0.44865005031941446,safe_fallback,assets/rectangle/083_erase_the_rectangle_0813-122336.png,C:\Users\user\Downloads\records_0727_0813\0812\erase_the_circle_0812-131127\videos\observation.images.top\chunk-000\file-000.mp4,0812/erase_circle/rectangle/erase_the_circle_0812-131127/augmented.mp4,0812/erase_circle/rectangle/erase_the_circle_0812-131127/placement_metadata.json,0812/erase_circle/rectangle/erase_the_circle_0812-131127/debug,1009627423,1280,720,30.0,627,29174,117478
0812,erase_circle,erase_the_circle_0812-131648,erase the circle,circle,rectangle,bottom,top,404.0,491.0,479,27,0.9908501763221574,4.412304149806479,0.9675438110532428,0.29883417496141035,safe_fallback,assets/rectangle/012_erase_the_rectangle_0727-122053.png,C:\Users\user\Downloads\records_0727_0813\0812\erase_the_circle_0812-131648\videos\observation.images.top\chunk-000\file-000.mp4,0812/erase_circle/rectangle/erase_the_circle_0812-131648/augmented.mp4,0812/erase_circle/rectangle/erase_the_circle_0812-131648/placement_metadata.json,0812/erase_circle/rectangle/erase_the_circle_0812-131648/debug,1478186911,1280,720,30.0,687,3552,65658
0812,erase_circle,erase_the_circle_0812-131859,erase the circle,circle,triangle,bottom,top,406.5,509.5,473,24,0.9381667976232864,2.7398639351274348,0.8691749369322856,0.15929651023157235,safe_fallback,assets/triangle/032_erase_the_triangle_0802-142225.png,C:\Users\user\Downloads\records_0727_0813\0812\erase_the_circle_0812-131859\videos\observation.images.top\chunk-000\file-000.mp4,0812/erase_circle/triangle/erase_the_circle_0812-131859/augmented.mp4,0812/erase_circle/triangle/erase_the_circle_0812-131859/placement_metadata.json,0812/erase_circle/triangle/erase_the_circle_0812-131859/debug,562137823,1280,720,30.0,639,370,64905
0812,erase_circle,erase_the_circle_0812-132039,erase the circle,circle,rectangle,bottom,top,393.5,513.5,288,22,0.9362682715218038,7.982674157164521,0.9446035427579165,0.5579500436304161,safe_fallback,assets/rectangle/058_erase_the_rectangle_0811-201513.png,C:\Users\user\Downloads\records_0727_0813\0812\erase_the_circle_0812-132039\videos\observation.images.top\chunk-000\file-000.mp4,0812/erase_circle/rectangle/erase_the_circle_0812-132039/augmented.mp4,0812/erase_circle/rectangle/erase_the_circle_0812-132039/placement_metadata.json,0812/erase_circle/rectangle/erase_the_circle_0812-132039/debug,1175395776,1280,720,30.0,632,445,60324
0812,erase_circle,erase_the_circle_0812-132142,erase the circle,circle,triangle,bottom,top,402.5,512.0,507,18,0.9415232426017568,0.10925088010437989,1.0792241633236221,0.3000217285444027,safe_fallback,assets/triangle/105_erase_the_triangle_0813-213932.png,C:\Users\user\Downloads\records_0727_0813\0812\erase_the_circle_0812-132142\videos\observation.images.top\chunk-000\file-000.mp4,0812/erase_circle/triangle/erase_the_circle_0812-132142/augmented.mp4,0812/erase_circle/triangle/erase_the_circle_0812-132142/placement_metadata.json,0812/erase_circle/triangle/erase_the_circle_0812-132142/debug,1734563301,1280,720,30.0,677,41,62577
0812,erase_circle,erase_the_circle_0812-132245,erase the circle,circle,triangle,bottom,top,401.5,515.0,327,8,0.9304815137687139,-9.255892255363271,1.0446570167662215,0.008158515936119493,safe_fallback,assets/triangle/034_erase_the_triangle_0802-142550.png,C:\Users\user\Downloads\records_0727_0813\0812\erase_the_circle_0812-132245\videos\observation.images.top\chunk-000\file-000.mp4,0812/erase_circle/triangle/erase_the_circle_0812-132245/augmented.mp4,0812/erase_circle/triangle/erase_the_circle_0812-132245/placement_metadata.json,0812/erase_circle/triangle/erase_the_circle_0812-132245/debug,1429071895,1280,720,30.0,663,392,64223
0812,erase_circle,erase_the_circle_0812-132453,erase the circle,circle,triangle,bottom,top,594.0,447.5,288,12,0.9419849741769237,-4.84292956179109,0.8826445350797779,0.4868272725344084,safe_fallback,assets/triangle/068_erase_the_triangle_0811-203405.png,C:\Users\user\Downloads\records_0727_0813\0812\erase_the_circle_0812-132453\videos\observation.images.top\chunk-000\file-000.mp4,0812/erase_circle/triangle/erase_the_circle_0812-132453/augmented.mp4,0812/erase_circle/triangle/erase_the_circle_0812-132453/placement_metadata.json,0812/erase_circle/triangle/erase_the_circle_0812-132453/debug,2082235612,1280,720,30.0,730,18,69074
0812,erase_circle,erase_the_circle_0812-132727,erase the circle,circle,triangle,bottom,top,575.5,445.0,288,48,1.0144391520183014,2.462218582252383,0.896258588104468,0.5357695586117018,safe_fallback,assets/triangle/041_erase_the_triangle_0802-143815.png,C:\Users\user\Downloads\records_0727_0813\0812\erase_the_circle_0812-132727\videos\observation.images.top\chunk-000\file-000.mp4,0812/erase_circle/triangle/erase_the_circle_0812-132727/augmented.mp4,0812/erase_circle/triangle/erase_the_circle_0812-132727/placement_metadata.json,0812/erase_circle/triangle/erase_the_circle_0812-132727/debug,1565957610,1280,720,30.0,641,362,71729
0812,erase_circle,erase_the_circle_0812-132832,erase the circle,circle,rectangle,bottom,top,582.0,447.0,288,66,0.9459489607002574,-5.389090511695129,0.8739583911171664,0.44286371227217186,safe_fallback,assets/rectangle/054_erase_the_rectangle_0811-200827.png,C:\Users\user\Downloads\records_0727_0813\0812\erase_the_circle_0812-132832\videos\observation.images.top\chunk-000\file-000.mp4,0812/erase_circle/rectangle/erase_the_circle_0812-132832/augmented.mp4,0812/erase_circle/rectangle/erase_the_circle_0812-132832/placement_metadata.json,0812/erase_circle/rectangle/erase_the_circle_0812-132832/debug,243279819,1280,720,30.0,628,2225,73886
0812,erase_circle,erase_the_circle_0812-132935,erase the circle,circle,rectangle,bottom,top,582.5,443.0,312,17,0.9202009915472475,4.893754290336474,1.0294919949925627,0.2242191874532698,safe_fallback,assets/rectangle/016_erase_the_rectangle_0727-130104.png,C:\Users\user\Downloads\records_0727_0813\0812\erase_the_circle_0812-132935\videos\observation.images.top\chunk-000\file-000.mp4,0812/erase_circle/rectangle/erase_the_circle_0812-132935/augmented.mp4,0812/erase_circle/rectangle/erase_the_circle_0812-132935/placement_metadata.json,0812/erase_circle/rectangle/erase_the_circle_0812-132935/debug,1339885641,1280,720,30.0,666,202,68464
0812,erase_circle,erase_the_circle_0812-133036,erase the circle,circle,rectangle,bottom,top,586.0,445.5,288,15,0.9370448068165741,-8.731100167705957,0.9719342033037356,0.4574244122136579,safe_fallback,assets/rectangle/033_erase_the_rectangle_0804-182109.png,C:\Users\user\Downloads\records_0727_0813\0812\erase_the_circle_0812-133036\videos\observation.images.top\chunk-000\file-000.mp4,0812/erase_circle/rectangle/erase_the_circle_0812-133036/augmented.mp4,0812/erase_circle/rectangle/erase_the_circle_0812-133036/placement_metadata.json,0812/erase_circle/rectangle/erase_the_circle_0812-133036/debug,1579634098,1280,720,30.0,634,3,69491
0812,erase_circle,erase_the_circle_0812-133146,erase the circle,circle,triangle,top,bottom,410.0,105.0,291,482,1.0,0.0,1.0,0.0,source_position,assets/triangle/069_erase_the_triangle_0811-203528.png,C:\Users\user\Downloads\records_0727_0813\0812\erase_the_circle_0812-133146\videos\observation.images.top\chunk-000\file-000.mp4,0812/erase_circle/triangle/erase_the_circle_0812-133146/augmented.mp4,0812/erase_circle/triangle/erase_the_circle_0812-133146/placement_metadata.json,0812/erase_circle/triangle/erase_the_circle_0812-133146/debug,903797321,1280,720,30.0,621,29126,121269
0812,erase_circle,erase_the_circle_0812-133256,erase the circle,circle,rectangle,top,bottom,414.0,114.0,353,427,0.9884685931724793,-1.3437201266122294,0.8620220595228758,0.011504254734924136,safe_fallback,assets/rectangle/067_erase_the_rectangle_0812-134714.png,C:\Users\user\Downloads\records_0727_0813\0812\erase_the_circle_0812-133256\videos\observation.images.top\chunk-000\file-000.mp4,0812/erase_circle/rectangle/erase_the_circle_0812-133256/augmented.mp4,0812/erase_circle/rectangle/erase_the_circle_0812-133256/placement_metadata.json,0812/erase_circle/rectangle/erase_the_circle_0812-133256/debug,954361844,1280,720,30.0,598,27126,114187
0812,erase_circle,erase_the_circle_0812-133357,erase the circle,circle,triangle,top,bottom,414.0,107.5,376,423,1.0,0.0,1.0,0.0,source_position,assets/triangle/027_erase_the_triangle_0802-140935.png,C:\Users\user\Downloads\records_0727_0813\0812\erase_the_circle_0812-133357\videos\observation.images.top\chunk-000\file-000.mp4,0812/erase_circle/triangle/erase_the_circle_0812-133357/augmented.mp4,0812/erase_circle/triangle/erase_the_circle_0812-133357/placement_metadata.json,0812/erase_circle/triangle/erase_the_circle_0812-133357/debug,1865300246,1280,720,30.0,633,29515,111585
0812,erase_circle,erase_the_circle_0812-133507,erase the circle,circle,triangle,top,bottom,411.0,108.5,530,471,1.0,0.0,1.0,0.0,source_position,assets/triangle/070_erase_the_triangle_0811-203709.png,C:\Users\user\Downloads\records_0727_0813\0812\erase_the_circle_0812-133507\videos\observation.images.top\chunk-000\file-000.mp4,0812/erase_circle/triangle/erase_the_circle_0812-133507/augmented.mp4,0812/erase_circle/triangle/erase_the_circle_0812-133507/placement_metadata.json,0812/erase_circle/triangle/erase_the_circle_0812-133507/debug,1911069947,1280,720,30.0,635,21263,120075
0812,erase_circle,erase_the_circle_0812-133610,erase the circle,circle,rectangle,top,bottom,574.5,142.0,430,412,0.9798256507778831,-9.100661464579595,0.9881905244726727,0.22084703569677044,safe_fallback,assets/rectangle/092_erase_the_rectangle_0813-184121.png,C:\Users\user\Downloads\records_0727_0813\0812\erase_the_circle_0812-133610\videos\observation.images.top\chunk-000\file-000.mp4,0812/erase_circle/rectangle/erase_the_circle_0812-133610/augmented.mp4,0812/erase_circle/rectangle/erase_the_circle_0812-133610/placement_metadata.json,0812/erase_circle/rectangle/erase_the_circle_0812-133610/debug,1807905564,1280,720,30.0,713,38667,116481
0812,erase_circle,erase_the_circle_0812-133842,erase the circle,circle,rectangle,top,bottom,581.5,148.0,329,398,0.9819527417087669,7.497323433580725,0.9778754378258633,0.06444598370516044,safe_fallback,assets/rectangle/049_erase_the_rectangle_0811-200158.png,C:\Users\user\Downloads\records_0727_0813\0812\erase_the_circle_0812-133842\videos\observation.images.top\chunk-000\file-000.mp4,0812/erase_circle/rectangle/erase_the_circle_0812-133842/augmented.mp4,0812/erase_circle/rectangle/erase_the_circle_0812-133842/placement_metadata.json,0812/erase_circle/rectangle/erase_the_circle_0812-133842/debug,1442868668,1280,720,30.0,728,33909,115129
0812,erase_circle,erase_the_circle_0812-133948,erase the circle,circle,triangle,top,bottom,582.0,150.5,481,421,1.0,0.0,1.0,0.0,source_position,assets/triangle/037_erase_the_triangle_0802-143049.png,C:\Users\user\Downloads\records_0727_0813\0812\erase_the_circle_0812-133948\videos\observation.images.top\chunk-000\file-000.mp4,0812/erase_circle/triangle/erase_the_circle_0812-133948/augmented.mp4,0812/erase_circle/triangle/erase_the_circle_0812-133948/placement_metadata.json,0812/erase_circle/triangle/erase_the_circle_0812-133948/debug,1379849142,1280,720,30.0,674,35953,115779
0812,erase_circle,erase_the_circle_0812-134055,erase the circle,circle,triangle,top,bottom,577.5,148.5,527,491,1.0,0.0,1.0,0.0,source_position,assets/triangle/078_erase_the_triangle_0811-205231.png,C:\Users\user\Downloads\records_0727_0813\0812\erase_the_circle_0812-134055\videos\observation.images.top\chunk-000\file-000.mp4,0812/erase_circle/triangle/erase_the_circle_0812-134055/augmented.mp4,0812/erase_circle/triangle/erase_the_circle_0812-134055/placement_metadata.json,0812/erase_circle/triangle/erase_the_circle_0812-134055/debug,1461788616,1280,720,30.0,665,26553,113651
0812,erase_circle,erase_the_circle_0812-134159,erase the circle,circle,rectangle,top,bottom,582.5,147.0,373,418,0.9264249167498182,-4.867322237498808,1.0073218533815838,0.16314120228405038,safe_fallback,assets/rectangle/088_erase_the_rectangle_0813-182823.png,C:\Users\user\Downloads\records_0727_0813\0812\erase_the_circle_0812-134159\videos\observation.images.top\chunk-000\file-000.mp4,0812/erase_circle/rectangle/erase_the_circle_0812-134159/augmented.mp4,0812/erase_circle/rectangle/erase_the_circle_0812-134159/placement_metadata.json,0812/erase_circle/rectangle/erase_the_circle_0812-134159/debug,873638706,1280,720,30.0,725,37874,117285
0812,erase_rectangle,erase_the_rectangle_0812-134309,erase the rectangle,rectangle,circle,bottom,top,432.5,473.0,506,13,0.9149253941992905,-7.899752148405687,1.0765350322874392,0.11965414462839759,safe_fallback,assets/circle/064_erase_the_circle_0811-210236.png,C:\Users\user\Downloads\records_0727_0813\0812\erase_the_rectangle_0812-134309\videos\observation.images.top\chunk-000\file-000.mp4,0812/erase_rectangle/circle/erase_the_rectangle_0812-134309/augmented.mp4,0812/erase_rectangle/circle/erase_the_rectangle_0812-134309/placement_metadata.json,0812/erase_rectangle/circle/erase_the_rectangle_0812-134309/debug,2105642064,1280,720,30.0,608,331,59213
0812,erase_rectangle,erase_the_rectangle_0812-134407,erase the rectangle,rectangle,triangle,bottom,top,434.5,465.0,288,27,0.9282344477677023,4.1423187912551445,1.0607322192856365,0.6621845499013204,safe_fallback,assets/triangle/035_erase_the_triangle_0802-142707.png,C:\Users\user\Downloads\records_0727_0813\0812\erase_the_rectangle_0812-134407\videos\observation.images.top\chunk-000\file-000.mp4,0812/erase_rectangle/triangle/erase_the_rectangle_0812-134407/augmented.mp4,0812/erase_rectangle/triangle/erase_the_rectangle_0812-134407/placement_metadata.json,0812/erase_rectangle/triangle/erase_the_rectangle_0812-134407/debug,1222489458,1280,720,30.0,624,105,57763
0812,erase_rectangle,erase_the_rectangle_0812-134509,erase the rectangle,rectangle,triangle,bottom,top,433.0,480.5,288,12,0.9207154974997213,-7.537665574405845,0.9570126315054548,0.2878831288599029,safe_fallback,assets/triangle/021_erase_the_triangle_0802-140242.png,C:\Users\user\Downloads\records_0727_0813\0812\erase_the_rectangle_0812-134509\videos\observation.images.top\chunk-000\file-000.mp4,0812/erase_rectangle/triangle/erase_the_rectangle_0812-134509/augmented.mp4,0812/erase_rectangle/triangle/erase_the_rectangle_0812-134509/placement_metadata.json,0812/erase_rectangle/triangle/erase_the_rectangle_0812-134509/debug,1071748486,1280,720,30.0,679,104,63602
0812,erase_rectangle,erase_the_rectangle_0812-134613,erase the rectangle,rectangle,triangle,bottom,top,427.5,476.0,486,10,0.902828145180178,-5.794792571792502,0.886054723211365,0.3749166193196368,safe_fallback,assets/triangle/014_erase_the_triangle_0727-115143.png,C:\Users\user\Downloads\records_0727_0813\0812\erase_the_rectangle_0812-134613\videos\observation.images.top\chunk-000\file-000.mp4,0812/erase_rectangle/triangle/erase_the_rectangle_0812-134613/augmented.mp4,0812/erase_rectangle/triangle/erase_the_rectangle_0812-134613/placement_metadata.json,0812/erase_rectangle/triangle/erase_the_rectangle_0812-134613/debug,1015452412,1280,720,30.0,642,2,55386
0812,erase_rectangle,erase_the_rectangle_0812-134714,erase the rectangle,rectangle,circle,bottom,top,435.0,482.0,590,15,0.9766355139763435,-2.5656586383940416,0.9519398294386617,0.7404796097079986,safe_fallback,assets/circle/010_erase_the_circle_0726-165848.png,C:\Users\user\Downloads\records_0727_0813\0812\erase_the_rectangle_0812-134714\videos\observation.images.top\chunk-000\file-000.mp4,0812/erase_rectangle/circle/erase_the_rectangle_0812-134714/augmented.mp4,0812/erase_rectangle/circle/erase_the_rectangle_0812-134714/placement_metadata.json,0812/erase_rectangle/circle/erase_the_rectangle_0812-134714/debug,1790143813,1280,720,30.0,684,9,54245
0812,erase_rectangle,erase_the_rectangle_0812-134832,erase the rectangle,rectangle,triangle,bottom,top,602.0,452.5,299,20,0.9134670720645995,1.8463126040414153,1.0774616407480433,0.2227525350027663,safe_fallback,assets/triangle/028_erase_the_triangle_0802-141044.png,C:\Users\user\Downloads\records_0727_0813\0812\erase_the_rectangle_0812-134832\videos\observation.images.top\chunk-000\file-000.mp4,0812/erase_rectangle/triangle/erase_the_rectangle_0812-134832/augmented.mp4,0812/erase_rectangle/triangle/erase_the_rectangle_0812-134832/placement_metadata.json,0812/erase_rectangle/triangle/erase_the_rectangle_0812-134832/debug,1496104741,1280,720,30.0,744,58,64143
0812,erase_rectangle,erase_the_rectangle_0812-134940,erase the rectangle,rectangle,circle,bottom,top,593.5,462.5,300,13,0.9038614395257661,5.914429569577864,1.060406321751606,0.7952199964848341,safe_fallback,assets/circle/105_erase_the_circle_0813-213220.png,C:\Users\user\Downloads\records_0727_0813\0812\erase_the_rectangle_0812-134940\videos\observation.images.top\chunk-000\file-000.mp4,0812/erase_rectangle/circle/erase_the_rectangle_0812-134940/augmented.mp4,0812/erase_rectangle/circle/erase_the_rectangle_0812-134940/placement_metadata.json,0812/erase_rectangle/circle/erase_the_rectangle_0812-134940/debug,1110014937,1280,720,30.0,596,42,64060
0812,erase_rectangle,erase_the_rectangle_0812-135039,erase the rectangle,rectangle,triangle,bottom,top,577.5,459.5,288,12,0.937852424607077,-9.31875452920494,0.9815418427188465,0.5831429947540067,safe_fallback,assets/triangle/036_erase_the_triangle_0802-142815.png,C:\Users\user\Downloads\records_0727_0813\0812\erase_the_rectangle_0812-135039\videos\observation.images.top\chunk-000\file-000.mp4,0812/erase_rectangle/triangle/erase_the_rectangle_0812-135039/augmented.mp4,0812/erase_rectangle/triangle/erase_the_rectangle_0812-135039/placement_metadata.json,0812/erase_rectangle/triangle/erase_the_rectangle_0812-135039/debug,176234401,1280,720,30.0,655,55,67699
0812,erase_rectangle,erase_the_rectangle_0812-135142,erase the rectangle,rectangle,circle,bottom,top,582.5,436.0,288,34,0.9322365376191674,-0.2924774512168007,0.8705716473616548,0.1056911016203733,safe_fallback,assets/circle/075_erase_the_circle_0811-211952.png,C:\Users\user\Downloads\records_0727_0813\0812\erase_the_rectangle_0812-135142\videos\observation.images.top\chunk-000\file-000.mp4,0812/erase_rectangle/circle/erase_the_rectangle_0812-135142/augmented.mp4,0812/erase_rectangle/circle/erase_the_rectangle_0812-135142/placement_metadata.json,0812/erase_rectangle/circle/erase_the_rectangle_0812-135142/debug,1363505798,1280,720,30.0,606,1143,69539
0812,erase_rectangle,erase_the_rectangle_0812-135243,erase the rectangle,rectangle,circle,bottom,top,580.0,454.5,292,10,0.9424931276027212,8.142526506954795,1.0363189948926483,0.12516811302610895,safe_fallback,assets/circle/092_erase_the_circle_0812-133357.png,C:\Users\user\Downloads\records_0727_0813\0812\erase_the_rectangle_0812-135243\videos\observation.images.top\chunk-000\file-000.mp4,0812/erase_rectangle/circle/erase_the_rectangle_0812-135243/augmented.mp4,0812/erase_rectangle/circle/erase_the_rectangle_0812-135243/placement_metadata.json,0812/erase_rectangle/circle/erase_the_rectangle_0812-135243/debug,438691669,1280,720,30.0,657,13,60050
0812,erase_rectangle,erase_the_rectangle_0812-135347,erase the rectangle,rectangle,triangle,top,bottom,564.0,150.0,305,446,1.0,0.0,1.0,0.0,source_position,assets/triangle/002_erase_the_triangle_0727-113147.png,C:\Users\user\Downloads\records_0727_0813\0812\erase_the_rectangle_0812-135347\videos\observation.images.top\chunk-000\file-000.mp4,0812/erase_rectangle/triangle/erase_the_rectangle_0812-135347/augmented.mp4,0812/erase_rectangle/triangle/erase_the_rectangle_0812-135347/placement_metadata.json,0812/erase_rectangle/triangle/erase_the_rectangle_0812-135347/debug,1206176152,1280,720,30.0,678,30316,115262
0812,erase_rectangle,erase_the_rectangle_0812-135449,erase the rectangle,rectangle,triangle,top,bottom,579.5,142.5,346,411,0.9179830306861236,-0.22597092520744866,0.8834567899615267,0.7481009675176455,safe_fallback,assets/triangle/082_erase_the_triangle_0812-141041.png,C:\Users\user\Downloads\records_0727_0813\0812\erase_the_rectangle_0812-135449\videos\observation.images.top\chunk-000\file-000.mp4,0812/erase_rectangle/triangle/erase_the_rectangle_0812-135449/augmented.mp4,0812/erase_rectangle/triangle/erase_the_rectangle_0812-135449/placement_metadata.json,0812/erase_rectangle/triangle/erase_the_rectangle_0812-135449/debug,1473832014,1280,720,30.0,618,29504,111340
0812,erase_rectangle,erase_the_rectangle_0812-135911,erase the rectangle,rectangle,circle,top,bottom,567.0,128.5,328,421,1.0,0.0,1.0,0.0,source_position,assets/circle/080_erase_the_circle_0812-131648.png,C:\Users\user\Downloads\records_0727_0813\0812\erase_the_rectangle_0812-135911\videos\observation.images.top\chunk-000\file-000.mp4,0812/erase_rectangle/circle/erase_the_rectangle_0812-135911/augmented.mp4,0812/erase_rectangle/circle/erase_the_rectangle_0812-135911/placement_metadata.json,0812/erase_rectangle/circle/erase_the_rectangle_0812-135911/debug,1931279149,1280,720,30.0,725,32179,113553
0812,erase_rectangle,erase_the_rectangle_0812-140017,erase the rectangle,rectangle,circle,top,bottom,577.5,124.5,370,477,1.0,0.0,1.0,0.0,source_position,assets/circle/032_erase_the_circle_0802-132954.png,C:\Users\user\Downloads\records_0727_0813\0812\erase_the_rectangle_0812-140017\videos\observation.images.top\chunk-000\file-000.mp4,0812/erase_rectangle/circle/erase_the_rectangle_0812-140017/augmented.mp4,0812/erase_rectangle/circle/erase_the_rectangle_0812-140017/placement_metadata.json,0812/erase_rectangle/circle/erase_the_rectangle_0812-140017/debug,1653217098,1280,720,30.0,659,21982,111542
0812,erase_rectangle,erase_the_rectangle_0812-140128,erase the rectangle,rectangle,circle,top,bottom,568.5,133.0,325,432,0.9703692174450692,-6.822311491355919,0.9311628542754152,0.5807865053412088,safe_fallback,assets/circle/083_erase_the_circle_0812-132142.png,C:\Users\user\Downloads\records_0727_0813\0812\erase_the_rectangle_0812-140128\videos\observation.images.top\chunk-000\file-000.mp4,0812/erase_rectangle/circle/erase_the_rectangle_0812-140128/augmented.mp4,0812/erase_rectangle/circle/erase_the_rectangle_0812-140128/placement_metadata.json,0812/erase_rectangle/circle/erase_the_rectangle_0812-140128/debug,613872265,1280,720,30.0,748,18269,101598
0812,erase_rectangle,erase_the_rectangle_0812-140235,erase the rectangle,rectangle,circle,top,bottom,429.5,117.5,503,485,1.0,0.0,1.0,0.0,source_position,assets/circle/073_erase_the_circle_0811-211620.png,C:\Users\user\Downloads\records_0727_0813\0812\erase_the_rectangle_0812-140235\videos\observation.images.top\chunk-000\file-000.mp4,0812/erase_rectangle/circle/erase_the_rectangle_0812-140235/augmented.mp4,0812/erase_rectangle/circle/erase_the_rectangle_0812-140235/placement_metadata.json,0812/erase_rectangle/circle/erase_the_rectangle_0812-140235/debug,1991301862,1280,720,30.0,630,22628,110096
0812,erase_rectangle,erase_the_rectangle_0812-140333,erase the rectangle,rectangle,circle,top,bottom,426.5,116.0,317,422,1.0,0.0,1.0,0.0,source_position,assets/circle/081_erase_the_circle_0812-131859.png,C:\Users\user\Downloads\records_0727_0813\0812\erase_the_rectangle_0812-140333\videos\observation.images.top\chunk-000\file-000.mp4,0812/erase_rectangle/circle/erase_the_rectangle_0812-140333/augmented.mp4,0812/erase_rectangle/circle/erase_the_rectangle_0812-140333/placement_metadata.json,0812/erase_rectangle/circle/erase_the_rectangle_0812-140333/debug,1928691263,1280,720,30.0,603,15369,108272
0812,erase_rectangle,erase_the_rectangle_0812-140525,erase the rectangle,rectangle,circle,top,bottom,428.0,115.5,334,419,1.0,0.0,1.0,0.0,source_position,assets/circle/099_erase_the_circle_0813-121528.png,C:\Users\user\Downloads\records_0727_0813\0812\erase_the_rectangle_0812-140525\videos\observation.images.top\chunk-000\file-000.mp4,0812/erase_rectangle/circle/erase_the_rectangle_0812-140525/augmented.mp4,0812/erase_rectangle/circle/erase_the_rectangle_0812-140525/placement_metadata.json,0812/erase_rectangle/circle/erase_the_rectangle_0812-140525/debug,1124112666,1280,720,30.0,564,28377,111377
0812,erase_rectangle,erase_the_rectangle_0812-140629,erase the rectangle,rectangle,triangle,top,bottom,418.5,108.0,289,454,0.915904097757897,1.5242969791271008,0.9788374988610788,0.32397338896002037,safe_fallback,assets/triangle/004_erase_the_triangle_0727-113437.png,C:\Users\user\Downloads\records_0727_0813\0812\erase_the_rectangle_0812-140629\videos\observation.images.top\chunk-000\file-000.mp4,0812/erase_rectangle/triangle/erase_the_rectangle_0812-140629/augmented.mp4,0812/erase_rectangle/triangle/erase_the_rectangle_0812-140629/placement_metadata.json,0812/erase_rectangle/triangle/erase_the_rectangle_0812-140629/debug,1280542144,1280,720,30.0,615,28039,115086
0812,erase_rectangle,erase_the_rectangle_0812-140734,erase the rectangle,rectangle,circle,top,bottom,420.5,111.5,302,436,1.0,0.0,1.0,0.0,source_position,assets/circle/070_erase_the_circle_0811-211009.png,C:\Users\user\Downloads\records_0727_0813\0812\erase_the_rectangle_0812-140734\videos\observation.images.top\chunk-000\file-000.mp4,0812/erase_rectangle/circle/erase_the_rectangle_0812-140734/augmented.mp4,0812/erase_rectangle/circle/erase_the_rectangle_0812-140734/placement_metadata.json,0812/erase_rectangle/circle/erase_the_rectangle_0812-140734/debug,1317355632,1280,720,30.0,639,31666,111040
0812,erase_triangle,erase_the_triangle_0812-140840,erase the triangle,triangle,rectangle,bottom,top,424.5,481.5,308,39,0.909037197606021,-3.866706298049573,0.9167203573105562,0.5965101607876481,safe_fallback,assets/rectangle/095_erase_the_rectangle_0813-184626.png,C:\Users\user\Downloads\records_0727_0813\0812\erase_the_triangle_0812-140840\videos\observation.images.top\chunk-000\file-000.mp4,0812/erase_triangle/rectangle/erase_the_triangle_0812-140840/augmented.mp4,0812/erase_triangle/rectangle/erase_the_triangle_0812-140840/placement_metadata.json,0812/erase_triangle/rectangle/erase_the_triangle_0812-140840/debug,36274745,1280,720,30.0,567,541,35374
0812,erase_triangle,erase_the_triangle_0812-140937,erase the triangle,triangle,rectangle,bottom,top,426.5,473.0,337,28,0.94257370072006,-2.1372572736897766,0.9630675723010464,0.7421690338598911,safe_fallback,assets/rectangle/093_erase_the_rectangle_0813-184309.png,C:\Users\user\Downloads\records_0727_0813\0812\erase_the_triangle_0812-140937\videos\observation.images.top\chunk-000\file-000.mp4,0812/erase_triangle/rectangle/erase_the_triangle_0812-140937/augmented.mp4,0812/erase_triangle/rectangle/erase_the_triangle_0812-140937/placement_metadata.json,0812/erase_triangle/rectangle/erase_the_triangle_0812-140937/debug,419164974,1280,720,30.0,600,858,55141
0812,erase_triangle,erase_the_triangle_0812-141041,erase the triangle,triangle,circle,bottom,top,414.0,480.0,288,22,0.9701248723287909,1.557321015858676,0.871974328303669,0.15098402685626378,safe_fallback,assets/circle/069_erase_the_circle_0811-210901.png,C:\Users\user\Downloads\records_0727_0813\0812\erase_the_triangle_0812-141041\videos\observation.images.top\chunk-000\file-000.mp4,0812/erase_triangle/circle/erase_the_triangle_0812-141041/augmented.mp4,0812/erase_triangle/circle/erase_the_triangle_0812-141041/placement_metadata.json,0812/erase_triangle/circle/erase_the_triangle_0812-141041/debug,1215986187,1280,720,30.0,603,199,57892
0812,erase_triangle,erase_the_triangle_0812-141140,erase the triangle,triangle,rectangle,bottom,top,419.5,472.0,292,15,0.9184616741136599,-2.5823173060239313,0.9577415542410966,0.12728274334618153,safe_fallback,assets/rectangle/038_erase_the_rectangle_0804-182742.png,C:\Users\user\Downloads\records_0727_0813\0812\erase_the_triangle_0812-141140\videos\observation.images.top\chunk-000\file-000.mp4,0812/erase_triangle/rectangle/erase_the_triangle_0812-141140/augmented.mp4,0812/erase_triangle/rectangle/erase_the_triangle_0812-141140/placement_metadata.json,0812/erase_triangle/rectangle/erase_the_triangle_0812-141140/debug,1233786887,1280,720,30.0,601,9,54333
0812,erase_triangle,erase_the_triangle_0812-141238,erase the triangle,triangle,rectangle,bottom,top,423.0,481.5,335,17,0.9987258543220285,-2.335289661706666,0.8639053329581228,0.2740620520436822,safe_fallback,assets/rectangle/091_erase_the_rectangle_0813-184018.png,C:\Users\user\Downloads\records_0727_0813\0812\erase_the_triangle_0812-141238\videos\observation.images.top\chunk-000\file-000.mp4,0812/erase_triangle/rectangle/erase_the_triangle_0812-141238/augmented.mp4,0812/erase_triangle/rectangle/erase_the_triangle_0812-141238/placement_metadata.json,0812/erase_triangle/rectangle/erase_the_triangle_0812-141238/debug,380557334,1280,720,30.0,558,224,53320
0812,erase_triangle,erase_the_triangle_0812-141349,erase the triangle,triangle,circle,bottom,top,621.0,370.5,305,13,0.9102134912023524,-6.322696544136215,0.8758933047785332,0.13473193648656467,safe_fallback,assets/circle/098_erase_the_circle_0812-134159.png,C:\Users\user\Downloads\records_0727_0813\0812\erase_the_triangle_0812-141349\videos\observation.images.top\chunk-000\file-000.mp4,0812/erase_triangle/circle/erase_the_triangle_0812-141349/augmented.mp4,0812/erase_triangle/circle/erase_the_triangle_0812-141349/placement_metadata.json,0812/erase_triangle/circle/erase_the_triangle_0812-141349/debug,1704725200,1280,720,30.0,681,107,62218
0812,erase_triangle,erase_the_triangle_0812-141452,erase the triangle,triangle,circle,bottom,top,616.0,365.0,288,16,0.9022501041403779,5.341765586986673,1.0128309864064433,0.4231773652171943,safe_fallback,assets/circle/015_erase_the_circle_0727-111212.png,C:\Users\user\Downloads\records_0727_0813\0812\erase_the_triangle_0812-141452\videos\observation.images.top\chunk-000\file-000.mp4,0812/erase_triangle/circle/erase_the_triangle_0812-141452/augmented.mp4,0812/erase_triangle/circle/erase_the_triangle_0812-141452/placement_metadata.json,0812/erase_triangle/circle/erase_the_triangle_0812-141452/debug,760232250,1280,720,30.0,549,1,63954
0812,erase_triangle,erase_the_triangle_0812-141548,erase the triangle,triangle,circle,bottom,top,614.0,367.0,294,13,1.0186834051010034,3.6635384938483195,0.8888295791167808,0.39958334167230414,safe_fallback,assets/circle/078_erase_the_circle_0811-212601.png,C:\Users\user\Downloads\records_0727_0813\0812\erase_the_triangle_0812-141548\videos\observation.images.top\chunk-000\file-000.mp4,0812/erase_triangle/circle/erase_the_triangle_0812-141548/augmented.mp4,0812/erase_triangle/circle/erase_the_triangle_0812-141548/placement_metadata.json,0812/erase_triangle/circle/erase_the_triangle_0812-141548/debug,133607415,1280,720,30.0,603,30,62055
0812,erase_triangle,erase_the_triangle_0812-141647,erase the triangle,triangle,rectangle,bottom,top,571.5,428.5,288,17,0.9061476711178132,-8.589309333200884,0.8772410159331068,0.7921517739073236,safe_fallback,assets/rectangle/062_erase_the_rectangle_0811-202035.png,C:\Users\user\Downloads\records_0727_0813\0812\erase_the_triangle_0812-141647\videos\observation.images.top\chunk-000\file-000.mp4,0812/erase_triangle/rectangle/erase_the_triangle_0812-141647/augmented.mp4,0812/erase_triangle/rectangle/erase_the_triangle_0812-141647/placement_metadata.json,0812/erase_triangle/rectangle/erase_the_triangle_0812-141647/debug,950596141,1280,720,30.0,591,2,67867
0812,erase_triangle,erase_the_triangle_0812-141837,erase the triangle,triangle,rectangle,bottom,top,624.5,375.5,288,17,0.9044992921378001,-3.6935526997006356,1.078286429792713,0.4825485552329114,safe_fallback,assets/rectangle/098_erase_the_rectangle_0813-185258.png,C:\Users\user\Downloads\records_0727_0813\0812\erase_the_triangle_0812-141837\videos\observation.images.top\chunk-000\file-000.mp4,0812/erase_triangle/rectangle/erase_the_triangle_0812-141837/augmented.mp4,0812/erase_triangle/rectangle/erase_the_triangle_0812-141837/placement_metadata.json,0812/erase_triangle/rectangle/erase_the_triangle_0812-141837/debug,786370783,1280,720,30.0,668,19,61915
0812,erase_triangle,erase_the_triangle_0812-141949,erase the triangle,triangle,rectangle,top,bottom,577.0,146.5,483,418,0.9093387741372834,-0.9694501860597331,0.9595312657744222,0.2020176733594198,safe_fallback,assets/rectangle/056_erase_the_rectangle_0811-201149.png,C:\Users\user\Downloads\records_0727_0813\0812\erase_the_triangle_0812-141949\videos\observation.images.top\chunk-000\file-000.mp4,0812/erase_triangle/rectangle/erase_the_triangle_0812-141949/augmented.mp4,0812/erase_triangle/rectangle/erase_the_triangle_0812-141949/placement_metadata.json,0812/erase_triangle/rectangle/erase_the_triangle_0812-141949/debug,1165868308,1280,720,30.0,652,37919,115245
0812,erase_triangle,erase_the_triangle_0812-142152,erase the triangle,triangle,circle,top,bottom,547.0,150.0,376,422,1.0,0.0,1.0,0.0,source_position,assets/circle/037_erase_the_circle_0802-134056.png,C:\Users\user\Downloads\records_0727_0813\0812\erase_the_triangle_0812-142152\videos\observation.images.top\chunk-000\file-000.mp4,0812/erase_triangle/circle/erase_the_triangle_0812-142152/augmented.mp4,0812/erase_triangle/circle/erase_the_triangle_0812-142152/placement_metadata.json,0812/erase_triangle/circle/erase_the_triangle_0812-142152/debug,1035960918,1280,720,30.0,563,29340,115365
0812,erase_triangle,erase_the_triangle_0812-142437,erase the triangle,triangle,circle,top,bottom,542.5,154.0,447,417,1.0,0.0,1.0,0.0,source_position,assets/circle/029_erase_the_circle_0802-132330.png,C:\Users\user\Downloads\records_0727_0813\0812\erase_the_triangle_0812-142437\videos\observation.images.top\chunk-000\file-000.mp4,0812/erase_triangle/circle/erase_the_triangle_0812-142437/augmented.mp4,0812/erase_triangle/circle/erase_the_triangle_0812-142437/placement_metadata.json,0812/erase_triangle/circle/erase_the_triangle_0812-142437/debug,268345796,1280,720,30.0,609,26553,115560
0812,erase_triangle,erase_the_triangle_0812-142543,erase the triangle,triangle,circle,top,bottom,536.0,155.0,353,413,1.0,0.0,1.0,0.0,source_position,assets/circle/027_erase_the_circle_0802-132022.png,C:\Users\user\Downloads\records_0727_0813\0812\erase_the_triangle_0812-142543\videos\observation.images.top\chunk-000\file-000.mp4,0812/erase_triangle/circle/erase_the_triangle_0812-142543/augmented.mp4,0812/erase_triangle/circle/erase_the_triangle_0812-142543/placement_metadata.json,0812/erase_triangle/circle/erase_the_triangle_0812-142543/debug,777608290,1280,720,30.0,585,17741,117388
0812,erase_triangle,erase_the_triangle_0812-142639,erase the triangle,triangle,rectangle,top,bottom,554.0,134.0,377,426,0.9165350795338059,2.7231842696119823,1.0279507798235097,0.5484249337038473,safe_fallback,assets/rectangle/041_erase_the_rectangle_0804-183207.png,C:\Users\user\Downloads\records_0727_0813\0812\erase_the_triangle_0812-142639\videos\observation.images.top\chunk-000\file-000.mp4,0812/erase_triangle/rectangle/erase_the_triangle_0812-142639/augmented.mp4,0812/erase_triangle/rectangle/erase_the_triangle_0812-142639/placement_metadata.json,0812/erase_triangle/rectangle/erase_the_triangle_0812-142639/debug,1331211751,1280,720,30.0,609,35313,114286
0812,erase_triangle,erase_the_triangle_0812-142740,erase the triangle,triangle,circle,top,bottom,409.5,116.5,477,485,1.0,0.0,1.0,0.0,source_position,assets/circle/077_erase_the_circle_0811-212311.png,C:\Users\user\Downloads\records_0727_0813\0812\erase_the_triangle_0812-142740\videos\observation.images.top\chunk-000\file-000.mp4,0812/erase_triangle/circle/erase_the_triangle_0812-142740/augmented.mp4,0812/erase_triangle/circle/erase_the_triangle_0812-142740/placement_metadata.json,0812/erase_triangle/circle/erase_the_triangle_0812-142740/debug,1839561199,1280,720,30.0,570,27029,116013
0812,erase_triangle,erase_the_triangle_0812-142839,erase the triangle,triangle,circle,top,bottom,404.0,121.5,377,436,1.0,0.0,1.0,0.0,source_position,assets/circle/048_erase_the_circle_0805-183247.png,C:\Users\user\Downloads\records_0727_0813\0812\erase_the_triangle_0812-142839\videos\observation.images.top\chunk-000\file-000.mp4,0812/erase_triangle/circle/erase_the_triangle_0812-142839/augmented.mp4,0812/erase_triangle/circle/erase_the_triangle_0812-142839/placement_metadata.json,0812/erase_triangle/circle/erase_the_triangle_0812-142839/debug,733817938,1280,720,30.0,545,26115,115533
0812,erase_triangle,erase_the_triangle_0812-142935,erase the triangle,triangle,circle,top,bottom,412.5,113.5,354,414,1.0,0.0,1.0,0.0,source_position,assets/circle/004_erase_the_circle_0726-163930.png,C:\Users\user\Downloads\records_0727_0813\0812\erase_the_triangle_0812-142935\videos\observation.images.top\chunk-000\file-000.mp4,0812/erase_triangle/circle/erase_the_triangle_0812-142935/augmented.mp4,0812/erase_triangle/circle/erase_the_triangle_0812-142935/placement_metadata.json,0812/erase_triangle/circle/erase_the_triangle_0812-142935/debug,1006510340,1280,720,30.0,555,20366,111666
0812,erase_triangle,erase_the_triangle_0812-143034,erase the triangle,triangle,rectangle,top,bottom,425.5,127.0,350,394,1.0128947760387836,-9.639810211560176,0.8826276021548151,0.4931538526426211,safe_fallback,assets/rectangle/022_erase_the_rectangle_0804-180555.png,C:\Users\user\Downloads\records_0727_0813\0812\erase_the_triangle_0812-143034\videos\observation.images.top\chunk-000\file-000.mp4,0812/erase_triangle/rectangle/erase_the_triangle_0812-143034/augmented.mp4,0812/erase_triangle/rectangle/erase_the_triangle_0812-143034/placement_metadata.json,0812/erase_triangle/rectangle/erase_the_triangle_0812-143034/debug,1672816159,1280,720,30.0,546,23503,114210
0812,erase_triangle,erase_the_triangle_0812-143136,erase the triangle,triangle,circle,top,bottom,431.0,127.0,367,413,1.0,0.0,1.0,0.0,source_position,assets/circle/002_erase_the_circle_0726-163254.png,C:\Users\user\Downloads\records_0727_0813\0812\erase_the_triangle_0812-143136\videos\observation.images.top\chunk-000\file-000.mp4,0812/erase_triangle/circle/erase_the_triangle_0812-143136/augmented.mp4,0812/erase_triangle/circle/erase_the_triangle_0812-143136/placement_metadata.json,0812/erase_triangle/circle/erase_the_triangle_0812-143136/debug,549174699,1280,720,30.0,572,35516,118652
0813,erase_circle,erase_the_circle_0813-121528,erase the circle,circle,triangle,bottom,top,412.0,494.0,406,7,0.9600687511539363,-6.7029348539765765,1.077023760673704,0.47346474786248427,safe_fallback,assets/triangle/026_erase_the_triangle_0802-140827.png,C:\Users\user\Downloads\records_0727_0813\0813\erase_the_circle_0813-121528\videos\observation.images.top\chunk-000\file-000.mp4,0813/erase_circle/triangle/erase_the_circle_0813-121528/augmented.mp4,0813/erase_circle/triangle/erase_the_circle_0813-121528/placement_metadata.json,0813/erase_circle/triangle/erase_the_circle_0813-121528/debug,1566131195,1280,720,30.0,597,37,54190
0813,erase_circle,erase_the_circle_0813-121625,erase the circle,circle,triangle,bottom,top,589.0,452.0,288,25,0.9212244664190862,-0.18273903923932622,0.8759468730239743,0.7045346649116159,safe_fallback,assets/triangle/064_erase_the_triangle_0811-202529.png,C:\Users\user\Downloads\records_0727_0813\0813\erase_the_circle_0813-121625\videos\observation.images.top\chunk-000\file-000.mp4,0813/erase_circle/triangle/erase_the_circle_0813-121625/augmented.mp4,0813/erase_circle/triangle/erase_the_circle_0813-121625/placement_metadata.json,0813/erase_circle/triangle/erase_the_circle_0813-121625/debug,932403239,1280,720,30.0,691,18,66508
0813,erase_circle,erase_the_circle_0813-121727,erase the circle,circle,rectangle,top,bottom,612.5,140.5,371,450,1.0,0.0,1.0,0.0,source_position,assets/rectangle/031_erase_the_rectangle_0804-181848.png,C:\Users\user\Downloads\records_0727_0813\0813\erase_the_circle_0813-121727\videos\observation.images.top\chunk-000\file-000.mp4,0813/erase_circle/rectangle/erase_the_circle_0813-121727/augmented.mp4,0813/erase_circle/rectangle/erase_the_circle_0813-121727/placement_metadata.json,0813/erase_circle/rectangle/erase_the_circle_0813-121727/debug,1273302439,1280,720,30.0,643,33432,115371
0813,erase_circle,erase_the_circle_0813-121829,erase the circle,circle,rectangle,top,bottom,444.0,124.5,301,406,1.0,0.0,1.0,0.0,source_position,assets/rectangle/055_erase_the_rectangle_0811-200954.png,C:\Users\user\Downloads\records_0727_0813\0813\erase_the_circle_0813-121829\videos\observation.images.top\chunk-000\file-000.mp4,0813/erase_circle/rectangle/erase_the_circle_0813-121829/augmented.mp4,0813/erase_circle/rectangle/erase_the_circle_0813-121829/placement_metadata.json,0813/erase_circle/rectangle/erase_the_circle_0813-121829/debug,271061105,1280,720,30.0,590,37602,114967
0813,erase_circle,erase_the_circle_0813-212950,erase the circle,circle,rectangle,bottom,top,329.0,482.0,288,35,0.5564675473558545,0.31598513865207245,1.060563276768317,0.6239092560092684,safe_fallback,assets/rectangle/048_erase_the_rectangle_0811-195957.png,C:\Users\user\Downloads\records_0727_0813\0813\erase_the_circle_0813-212950\videos\observation.images.top\chunk-000\file-000.mp4,0813/erase_circle/rectangle/erase_the_circle_0813-212950/augmented.mp4,0813/erase_circle/rectangle/erase_the_circle_0813-212950/placement_metadata.json,0813/erase_circle/rectangle/erase_the_circle_0813-212950/debug,1785832796,1280,720,30.0,993,639,46966
0813,erase_circle,erase_the_circle_0813-213111,erase the circle,circle,rectangle,top,bottom,316.0,121.0,288,410,0.9181385734064631,9.23400741938562,1.065051733386356,0.2719279250264517,safe_fallback,assets/rectangle/090_erase_the_rectangle_0813-183628.png,C:\Users\user\Downloads\records_0727_0813\0813\erase_the_circle_0813-213111\videos\observation.images.top\chunk-000\file-000.mp4,0813/erase_circle/rectangle/erase_the_circle_0813-213111/augmented.mp4,0813/erase_circle/rectangle/erase_the_circle_0813-213111/placement_metadata.json,0813/erase_circle/rectangle/erase_the_circle_0813-213111/debug,219453286,1280,720,30.0,807,24978,107805
0813,erase_circle,erase_the_circle_0813-213220,erase the circle,circle,rectangle,top,bottom,437.0,133.0,288,407,0.9322456588002435,-6.194847189571551,1.06793127679544,0.1975975809576175,safe_fallback,assets/rectangle/096_erase_the_rectangle_0813-184733.png,C:\Users\user\Downloads\records_0727_0813\0813\erase_the_circle_0813-213220\videos\observation.images.top\chunk-000\file-000.mp4,0813/erase_circle/rectangle/erase_the_circle_0813-213220/augmented.mp4,0813/erase_circle/rectangle/erase_the_circle_0813-213220/placement_metadata.json,0813/erase_circle/rectangle/erase_the_circle_0813-213220/debug,1996863013,1280,720,30.0,792,30093,108410
0813,erase_rectangle,erase_the_rectangle_0813-122336,erase the rectangle,rectangle,circle,bottom,top,435.5,492.5,361,16,1.0138514777402623,-4.302678210897648,1.0082773732834098,0.34273172038256494,safe_fallback,assets/circle/079_erase_the_circle_0812-131127.png,C:\Users\user\Downloads\records_0727_0813\0813\erase_the_rectangle_0813-122336\videos\observation.images.top\chunk-000\file-000.mp4,0813/erase_rectangle/circle/erase_the_rectangle_0813-122336/augmented.mp4,0813/erase_rectangle/circle/erase_the_rectangle_0813-122336/placement_metadata.json,0813/erase_rectangle/circle/erase_the_rectangle_0813-122336/debug,1715177413,1280,720,30.0,580,85,60202
0813,erase_rectangle,erase_the_rectangle_0813-122515,erase the rectangle,rectangle,triangle,bottom,top,616.5,482.0,357,18,0.9302113192059892,0.9589877621094001,0.8527657243189535,0.13113197126206153,safe_fallback,assets/triangle/045_erase_the_triangle_0802-144407.png,C:\Users\user\Downloads\records_0727_0813\0813\erase_the_rectangle_0813-122515\videos\observation.images.top\chunk-000\file-000.mp4,0813/erase_rectangle/triangle/erase_the_rectangle_0813-122515/augmented.mp4,0813/erase_rectangle/triangle/erase_the_rectangle_0813-122515/placement_metadata.json,0813/erase_rectangle/triangle/erase_the_rectangle_0813-122515/debug,1132176410,1280,720,30.0,694,1109,72902
0813,erase_rectangle,erase_the_rectangle_0813-122623,erase the rectangle,rectangle,triangle,top,bottom,583.5,112.0,319,453,1.0,0.0,1.0,0.0,source_position,assets/triangle/001_erase_the_triangle_0727-113015.png,C:\Users\user\Downloads\records_0727_0813\0813\erase_the_rectangle_0813-122623\videos\observation.images.top\chunk-000\file-000.mp4,0813/erase_rectangle/triangle/erase_the_rectangle_0813-122623/augmented.mp4,0813/erase_rectangle/triangle/erase_the_rectangle_0813-122623/placement_metadata.json,0813/erase_rectangle/triangle/erase_the_rectangle_0813-122623/debug,446322917,1280,720,30.0,673,44772,119433
0813,erase_rectangle,erase_the_rectangle_0813-122741,erase the rectangle,rectangle,circle,top,bottom,436.5,113.0,343,447,1.0,0.0,1.0,0.0,source_position,assets/circle/060_erase_the_circle_0805-185025.png,C:\Users\user\Downloads\records_0727_0813\0813\erase_the_rectangle_0813-122741\videos\observation.images.top\chunk-000\file-000.mp4,0813/erase_rectangle/circle/erase_the_rectangle_0813-122741/augmented.mp4,0813/erase_rectangle/circle/erase_the_rectangle_0813-122741/placement_metadata.json,0813/erase_rectangle/circle/erase_the_rectangle_0813-122741/debug,550121151,1280,720,30.0,628,19921,117680
0813,erase_rectangle,erase_the_rectangle_0813-182555,erase the rectangle,rectangle,triangle,top,bottom,428.0,134.5,332,427,1.0,0.0,1.0,0.0,source_position,assets/triangle/100_erase_the_triangle_0813-121931.png,C:\Users\user\Downloads\records_0727_0813\0813\erase_the_rectangle_0813-182555\videos\observation.images.top\chunk-000\file-000.mp4,0813/erase_rectangle/triangle/erase_the_rectangle_0813-182555/augmented.mp4,0813/erase_rectangle/triangle/erase_the_rectangle_0813-182555/placement_metadata.json,0813/erase_rectangle/triangle/erase_the_rectangle_0813-182555/debug,523476731,1280,720,30.0,738,21771,112870
0813,erase_rectangle,erase_the_rectangle_0813-182823,erase the rectangle,rectangle,triangle,bottom,top,448.5,477.5,588,0,0.733380989412621,-5.611048808615742,0.897276908685535,0.4099477435625343,safe_fallback,assets/triangle/067_erase_the_triangle_0811-203202.png,C:\Users\user\Downloads\records_0727_0813\0813\erase_the_rectangle_0813-182823\videos\observation.images.top\chunk-000\file-000.mp4,0813/erase_rectangle/triangle/erase_the_rectangle_0813-182823/augmented.mp4,0813/erase_rectangle/triangle/erase_the_rectangle_0813-182823/placement_metadata.json,0813/erase_rectangle/triangle/erase_the_rectangle_0813-182823/debug,905577625,1280,720,30.0,728,22,53873
0813,erase_rectangle,erase_the_rectangle_0813-183401,erase the rectangle,rectangle,triangle,top,bottom,326.0,150.5,302,457,1.0,0.0,1.0,0.0,source_position,assets/triangle/005_erase_the_triangle_0727-113600.png,C:\Users\user\Downloads\records_0727_0813\0813\erase_the_rectangle_0813-183401\videos\observation.images.top\chunk-000\file-000.mp4,0813/erase_rectangle/triangle/erase_the_rectangle_0813-183401/augmented.mp4,0813/erase_rectangle/triangle/erase_the_rectangle_0813-183401/placement_metadata.json,0813/erase_rectangle/triangle/erase_the_rectangle_0813-183401/debug,1320534180,1280,720,30.0,775,19668,103894
0813,erase_rectangle,erase_the_rectangle_0813-183628,erase the rectangle,rectangle,triangle,bottom,top,354.0,479.0,507,15,0.8121904961373693,3.508412257644977,0.9149864093197873,0.5035539657002128,safe_fallback,assets/triangle/012_erase_the_triangle_0727-114643.png,C:\Users\user\Downloads\records_0727_0813\0813\erase_the_rectangle_0813-183628\videos\observation.images.top\chunk-000\file-000.mp4,0813/erase_rectangle/triangle/erase_the_rectangle_0813-183628/augmented.mp4,0813/erase_rectangle/triangle/erase_the_rectangle_0813-183628/placement_metadata.json,0813/erase_rectangle/triangle/erase_the_rectangle_0813-183628/debug,1356833335,1280,720,30.0,712,2545,54762
0813,erase_rectangle,erase_the_rectangle_0813-184018,erase the rectangle,rectangle,triangle,top,bottom,525.0,158.5,523,499,1.0,0.0,1.0,0.0,source_position,assets/triangle/074_erase_the_triangle_0811-204219.png,C:\Users\user\Downloads\records_0727_0813\0813\erase_the_rectangle_0813-184018\videos\observation.images.top\chunk-000\file-000.mp4,0813/erase_rectangle/triangle/erase_the_rectangle_0813-184018/augmented.mp4,0813/erase_rectangle/triangle/erase_the_rectangle_0813-184018/placement_metadata.json,0813/erase_rectangle/triangle/erase_the_rectangle_0813-184018/debug,1819133923,1280,720,30.0,650,18055,106119
0813,erase_rectangle,erase_the_rectangle_0813-184121,erase the rectangle,rectangle,circle,bottom,top,506.5,476.5,370,7,0.809287074524018,7.9326520934013125,1.079913799163927,0.47728486204108655,safe_fallback,assets/circle/020_erase_the_circle_0727-112529.png,C:\Users\user\Downloads\records_0727_0813\0813\erase_the_rectangle_0813-184121\videos\observation.images.top\chunk-000\file-000.mp4,0813/erase_rectangle/circle/erase_the_rectangle_0813-184121/augmented.mp4,0813/erase_rectangle/circle/erase_the_rectangle_0813-184121/placement_metadata.json,0813/erase_rectangle/circle/erase_the_rectangle_0813-184121/debug,1871501133,1280,720,30.0,822,9,44278
0813,erase_rectangle,erase_the_rectangle_0813-184309,erase the rectangle,rectangle,circle,top,bottom,427.0,150.5,304,417,1.0,0.0,1.0,0.0,source_position,assets/circle/066_erase_the_circle_0811-210449.png,C:\Users\user\Downloads\records_0727_0813\0813\erase_the_rectangle_0813-184309\videos\observation.images.top\chunk-000\file-000.mp4,0813/erase_rectangle/circle/erase_the_rectangle_0813-184309/augmented.mp4,0813/erase_rectangle/circle/erase_the_rectangle_0813-184309/placement_metadata.json,0813/erase_rectangle/circle/erase_the_rectangle_0813-184309/debug,630768410,1280,720,30.0,672,28783,107162
0813,erase_rectangle,erase_the_rectangle_0813-184458,erase the rectangle,rectangle,circle,bottom,top,443.5,467.0,339,10,0.9084877807098397,1.3955909919315772,0.8545362937869632,0.15675946130355314,safe_fallback,assets/circle/014_erase_the_circle_0727-111036.png,C:\Users\user\Downloads\records_0727_0813\0813\erase_the_rectangle_0813-184458\videos\observation.images.top\chunk-000\file-000.mp4,0813/erase_rectangle/circle/erase_the_rectangle_0813-184458/augmented.mp4,0813/erase_rectangle/circle/erase_the_rectangle_0813-184458/placement_metadata.json,0813/erase_rectangle/circle/erase_the_rectangle_0813-184458/debug,2030701737,1280,720,30.0,782,100,58437
0813,erase_rectangle,erase_the_rectangle_0813-184626,erase the rectangle,rectangle,circle,top,bottom,321.5,170.0,315,450,1.0,0.0,1.0,0.0,source_position,assets/circle/017_erase_the_circle_0727-111813.png,C:\Users\user\Downloads\records_0727_0813\0813\erase_the_rectangle_0813-184626\videos\observation.images.top\chunk-000\file-000.mp4,0813/erase_rectangle/circle/erase_the_rectangle_0813-184626/augmented.mp4,0813/erase_rectangle/circle/erase_the_rectangle_0813-184626/placement_metadata.json,0813/erase_rectangle/circle/erase_the_rectangle_0813-184626/debug,1505796988,1280,720,30.0,724,18426,96698
0813,erase_rectangle,erase_the_rectangle_0813-184733,erase the rectangle,rectangle,circle,bottom,top,329.5,476.0,328,9,0.8555294078744401,-4.284041550069004,1.048965636512336,0.658089594762736,safe_fallback,assets/circle/068_erase_the_circle_0811-210755.png,C:\Users\user\Downloads\records_0727_0813\0813\erase_the_rectangle_0813-184733\videos\observation.images.top\chunk-000\file-000.mp4,0813/erase_rectangle/circle/erase_the_rectangle_0813-184733/augmented.mp4,0813/erase_rectangle/circle/erase_the_rectangle_0813-184733/placement_metadata.json,0813/erase_rectangle/circle/erase_the_rectangle_0813-184733/debug,468115861,1280,720,30.0,845,3,40482
0813,erase_rectangle,erase_the_rectangle_0813-185137,erase the rectangle,rectangle,triangle,bottom,top,331.0,454.5,288,26,0.9355063257206884,-0.2297040550794307,0.9521923082611287,0.4641126794053736,safe_fallback,assets/triangle/023_erase_the_triangle_0802-140502.png,C:\Users\user\Downloads\records_0727_0813\0813\erase_the_rectangle_0813-185137\videos\observation.images.top\chunk-000\file-000.mp4,0813/erase_rectangle/triangle/erase_the_rectangle_0813-185137/augmented.mp4,0813/erase_rectangle/triangle/erase_the_rectangle_0813-185137/placement_metadata.json,0813/erase_rectangle/triangle/erase_the_rectangle_0813-185137/debug,1151223955,1280,720,30.0,764,52,48589
0813,erase_rectangle,erase_the_rectangle_0813-185258,erase the rectangle,rectangle,triangle,top,bottom,312.5,158.5,292,434,1.0,0.0,1.0,0.0,source_position,assets/triangle/003_erase_the_triangle_0727-113311.png,C:\Users\user\Downloads\records_0727_0813\0813\erase_the_rectangle_0813-185258\videos\observation.images.top\chunk-000\file-000.mp4,0813/erase_rectangle/triangle/erase_the_rectangle_0813-185258/augmented.mp4,0813/erase_rectangle/triangle/erase_the_rectangle_0813-185258/placement_metadata.json,0813/erase_rectangle/triangle/erase_the_rectangle_0813-185258/debug,1405100480,1280,720,30.0,793,18977,108782
0813,erase_rectangle,erase_the_rectangle_0813-185409,erase the rectangle,rectangle,triangle,bottom,top,444.0,455.0,292,4,0.9327661370336203,-8.881046725302511,0.9699255929959618,0.44246878498799913,safe_fallback,assets/triangle/039_erase_the_triangle_0802-143602.png,C:\Users\user\Downloads\records_0727_0813\0813\erase_the_rectangle_0813-185409\videos\observation.images.top\chunk-000\file-000.mp4,0813/erase_rectangle/triangle/erase_the_rectangle_0813-185409/augmented.mp4,0813/erase_rectangle/triangle/erase_the_rectangle_0813-185409/placement_metadata.json,0813/erase_rectangle/triangle/erase_the_rectangle_0813-185409/debug,1411144194,1280,720,30.0,830,12,46250
0813,erase_rectangle,erase_the_rectangle_0813-185522,erase the rectangle,rectangle,circle,top,bottom,427.0,132.5,318,440,1.0,0.0,1.0,0.0,source_position,assets/circle/082_erase_the_circle_0812-132039.png,C:\Users\user\Downloads\records_0727_0813\0813\erase_the_rectangle_0813-185522\videos\observation.images.top\chunk-000\file-000.mp4,0813/erase_rectangle/circle/erase_the_rectangle_0813-185522/augmented.mp4,0813/erase_rectangle/circle/erase_the_rectangle_0813-185522/placement_metadata.json,0813/erase_rectangle/circle/erase_the_rectangle_0813-185522/debug,1368757692,1280,720,30.0,808,28626,108435
0813,erase_rectangle,erase_the_rectangle_0813-185632,erase the rectangle,rectangle,triangle,bottom,top,540.5,446.0,337,8,0.947466914481129,-8.311775269338833,0.9214617721063709,0.5012072948085846,safe_fallback,assets/triangle/042_erase_the_triangle_0802-143926.png,C:\Users\user\Downloads\records_0727_0813\0813\erase_the_rectangle_0813-185632\videos\observation.images.top\chunk-000\file-000.mp4,0813/erase_rectangle/triangle/erase_the_rectangle_0813-185632/augmented.mp4,0813/erase_rectangle/triangle/erase_the_rectangle_0813-185632/placement_metadata.json,0813/erase_rectangle/triangle/erase_the_rectangle_0813-185632/debug,216003308,1280,720,30.0,706,289,50343
0813,erase_rectangle,erase_the_rectangle_0813-214244,erase the rectangle,rectangle,circle,bottom,top,451.5,467.5,288,20,0.925361917677859,-1.9545240932690984,1.0711067923027573,0.0971908880084767,safe_fallback,assets/circle/040_erase_the_circle_0802-135033.png,C:\Users\user\Downloads\records_0727_0813\0813\erase_the_rectangle_0813-214244\videos\observation.images.top\chunk-000\file-000.mp4,0813/erase_rectangle/circle/erase_the_rectangle_0813-214244/augmented.mp4,0813/erase_rectangle/circle/erase_the_rectangle_0813-214244/placement_metadata.json,0813/erase_rectangle/circle/erase_the_rectangle_0813-214244/debug,758254630,1280,720,30.0,771,25,48356
0813,erase_rectangle,erase_the_rectangle_0813-214351,erase the rectangle,rectangle,circle,bottom,top,552.5,459.0,288,26,0.9119858889461935,7.565525529588367,1.096554255228556,0.49741337332543323,safe_fallback,assets/circle/071_erase_the_circle_0811-211403.png,C:\Users\user\Downloads\records_0727_0813\0813\erase_the_rectangle_0813-214351\videos\observation.images.top\chunk-000\file-000.mp4,0813/erase_rectangle/circle/erase_the_rectangle_0813-214351/augmented.mp4,0813/erase_rectangle/circle/erase_the_rectangle_0813-214351/placement_metadata.json,0813/erase_rectangle/circle/erase_the_rectangle_0813-214351/debug,1131762229,1280,720,30.0,809,413,56895
0813,erase_rectangle,erase_the_rectangle_0813-214715,erase the rectangle,rectangle,triangle,bottom,top,546.0,455.5,526,13,0.7499665498152875,-2.206511181201846,1.0320277635106574,0.714449036367606,safe_fallback,assets/triangle/013_erase_the_triangle_0727-114759.png,C:\Users\user\Downloads\records_0727_0813\0813\erase_the_rectangle_0813-214715\videos\observation.images.top\chunk-000\file-000.mp4,0813/erase_rectangle/triangle/erase_the_rectangle_0813-214715/augmented.mp4,0813/erase_rectangle/triangle/erase_the_rectangle_0813-214715/placement_metadata.json,0813/erase_rectangle/triangle/erase_the_rectangle_0813-214715/debug,1127420500,1280,720,30.0,746,109,58054
0813,erase_rectangle,erase_the_rectangle_0813-214822,erase the rectangle,rectangle,circle,top,bottom,430.5,139.0,376,438,1.0,0.0,1.0,0.0,source_position,assets/circle/001_erase_the_circle_0726-162803.png,C:\Users\user\Downloads\records_0727_0813\0813\erase_the_rectangle_0813-214822\videos\observation.images.top\chunk-000\file-000.mp4,0813/erase_rectangle/circle/erase_the_rectangle_0813-214822/augmented.mp4,0813/erase_rectangle/circle/erase_the_rectangle_0813-214822/placement_metadata.json,0813/erase_rectangle/circle/erase_the_rectangle_0813-214822/debug,668501730,1280,720,30.0,913,28013,108636
0813,erase_triangle,erase_the_triangle_0813-121931,erase the triangle,triangle,circle,bottom,top,412.0,511.5,288,25,0.9438070446303175,3.676213284635864,1.015989347278511,0.5805715157373875,safe_fallback,assets/circle/065_erase_the_circle_0811-210340.png,C:\Users\user\Downloads\records_0727_0813\0813\erase_the_triangle_0813-121931\videos\observation.images.top\chunk-000\file-000.mp4,0813/erase_triangle/circle/erase_the_triangle_0813-121931/augmented.mp4,0813/erase_triangle/circle/erase_the_triangle_0813-121931/placement_metadata.json,0813/erase_triangle/circle/erase_the_triangle_0813-121931/debug,2040874083,1280,720,30.0,608,154,61955
0813,erase_triangle,erase_the_triangle_0813-122030,erase the triangle,triangle,circle,bottom,top,596.5,450.0,472,13,0.9686423662870907,3.902713594074749,0.9250027860539641,0.42137101549432043,safe_fallback,assets/circle/019_erase_the_circle_0727-112133.png,C:\Users\user\Downloads\records_0727_0813\0813\erase_the_triangle_0813-122030\videos\observation.images.top\chunk-000\file-000.mp4,0813/erase_triangle/circle/erase_the_triangle_0813-122030/augmented.mp4,0813/erase_triangle/circle/erase_the_triangle_0813-122030/placement_metadata.json,0813/erase_triangle/circle/erase_the_triangle_0813-122030/debug,2030557926,1280,720,30.0,621,743,70377
0813,erase_triangle,erase_the_triangle_0813-122131,erase the triangle,triangle,circle,top,bottom,594.0,143.0,324,440,1.0,0.0,1.0,0.0,source_position,assets/circle/084_erase_the_circle_0812-132245.png,C:\Users\user\Downloads\records_0727_0813\0813\erase_the_triangle_0813-122131\videos\observation.images.top\chunk-000\file-000.mp4,0813/erase_triangle/circle/erase_the_triangle_0813-122131/augmented.mp4,0813/erase_triangle/circle/erase_the_triangle_0813-122131/placement_metadata.json,0813/erase_triangle/circle/erase_the_triangle_0813-122131/debug,1048047485,1280,720,30.0,746,31598,114729
0813,erase_triangle,erase_the_triangle_0813-122239,erase the triangle,triangle,rectangle,top,bottom,421.5,134.5,332,402,1.0,0.0,1.0,0.0,source_position,assets/rectangle/051_erase_the_rectangle_0811-200442.png,C:\Users\user\Downloads\records_0727_0813\0813\erase_the_triangle_0813-122239\videos\observation.images.top\chunk-000\file-000.mp4,0813/erase_triangle/rectangle/erase_the_triangle_0813-122239/augmented.mp4,0813/erase_triangle/rectangle/erase_the_triangle_0813-122239/placement_metadata.json,0813/erase_triangle/rectangle/erase_the_triangle_0813-122239/debug,2052684975,1280,720,30.0,567,33370,118409
0813,erase_triangle,erase_the_triangle_0813-213328,erase the triangle,triangle,circle,bottom,top,550.5,486.5,512,7,0.8392732970675343,5.680665873942424,1.0000671548140962,0.03728989124118174,safe_fallback,assets/circle/012_erase_the_circle_0726-170124.png,C:\Users\user\Downloads\records_0727_0813\0813\erase_the_triangle_0813-213328\videos\observation.images.top\chunk-000\file-000.mp4,0813/erase_triangle/circle/erase_the_triangle_0813-213328/augmented.mp4,0813/erase_triangle/circle/erase_the_triangle_0813-213328/placement_metadata.json,0813/erase_triangle/circle/erase_the_triangle_0813-213328/debug,1096187971,1280,720,30.0,910,21,42795
0813,erase_triangle,erase_the_triangle_0813-213932,erase the triangle,triangle,rectangle,top,bottom,511.5,139.0,346,429,1.0012606491184424,4.19989048574087,0.9171994589981411,0.5347441476072691,safe_fallback,assets/rectangle/065_erase_the_rectangle_0812-134509.png,C:\Users\user\Downloads\records_0727_0813\0813\erase_the_triangle_0813-213932\videos\observation.images.top\chunk-000\file-000.mp4,0813/erase_triangle/rectangle/erase_the_triangle_0813-213932/augmented.mp4,0813/erase_triangle/rectangle/erase_the_triangle_0813-213932/placement_metadata.json,0813/erase_triangle/rectangle/erase_the_triangle_0813-213932/debug,487821391,1280,720,30.0,727,23748,104192
